market_record_id,market_id,market_name,raw_market_name,market_type,district_id,district_name,state_code,state_name,latitude,longitude,active_flag,valid_from,source_system,source_record_version,source_row_number
MR00001,MKT0001,Adilabad Mandi 01,Adilabad Mandi 01,Sub Yard,TS-D01,Adilabad,TS,Telangana,15.07,72.08,True,2024-01-01,AGRIPULSE_SYNTHETIC_MODEL_B,1,1
MR00002,MKT0002,Adilabad Mandi 02,Adilabad Mandi 02,APMC Main Yard,TS-D01,Adilabad,TS,Telangana,15.14,72.16,True,2024-01-01,AGRIPULSE_SYNTHETIC_MODEL_B,1,2
MR00003,MKT0003,Adilabad Mandi 03,Adilabad Mandi 03,Regulated Market,TS-D01,Adilabad,TS,Telangana,15.21,72.24,True,2024-01-01,AGRIPULSE_SYNTHETIC_MODEL_B,1,3
MR00004,MKT0004,Adilabad Mandi 04,Adilabad Mandi 04,Sub Yard,TS-D01,Adilabad,TS,Telangana,15.28,72.32,True,2024-01-01,AGRIPULSE_SYNTHETIC_MODEL_B,1,4
MR00005,MKT0005,Adilabad Mandi 05,Adilabad Mkt. 05,APMC Main Yard,TS-D01,Adilabad,TS,Telangana,15.35,72.4,True,2024-01-01,AGRIPULSE_SYNTHETIC_MODEL_B,1,5
MR00006,MKT0006,Adilabad Mandi 06,Adilabad Mandi 06,Regulated Market,TS-D01,Adilabad,TS,Telangana,15.42,72.48,True,2024-01-01,AGRIPULSE_SYNTHETIC_MODEL_B,1,6
MR00007,MKT0007,Adilabad Mandi 07, ADILABAD MANDI 07 ,Sub Yard,TS-D01,Adilabad,TS,Telangana,15.49,72.56,True,2024-01-01,AGRIPULSE_SYNTHETIC_MODEL_B,1,7
MR00008,MKT0008,Adilabad Mandi 08,Adilabad Mandi 08,APMC Main Yard,TS-D01,Adilabad,TS,Telangana,15.56,72.64,True,2024-01-01,AGRIPULSE_SYNTHETIC_MODEL_B,1,8
MR00009,MKT0009,Adilabad Mandi 09,Adilabad Mandi 09,Regulated Market,TS-D01,Adilabad,TS,Telangana,15.63,72.72,True,2024-01-01,AGRIPULSE_SYNTHETIC_MODEL_B,1,9
MR00010,MKT0010,Adilabad Mandi 10,Adilabad Mkt. 10,Sub Yard,TS-D01,Adilabad,TS,Telangana,15.7,72.8,True,2024-01-01,AGRIPULSE_SYNTHETIC_MODEL_B,1,10
MR00011,MKT0011,Karimnagar Mandi 01,Karimnagar Mandi 01,APMC Main Yard,TS-D02,Karimnagar,TS,Telangana,15.77,72.88,True,2024-01-01,AGRIPULSE_SYNTHETIC_MODEL_B,1,11
MR00012,MKT0012,Karimnagar Mandi 02,Karimnagar Mandi 02,Regulated Market,TS-D02,Karimnagar,TS,Telangana,15.84,72.96,True,2024-01-01,AGRIPULSE_SYNTHETIC_MODEL_B,1,12
MR00013,MKT0013,Karimnagar Mandi 03,Karimnagar Mandi 03,Sub Yard,TS-D02,Karimnagar,TS,Telangana,15.91,73.04,True,2024-01-01,AGRIPULSE_SYNTHETIC_MODEL_B,1,13
MR00014,MKT0014,Karimnagar Mandi 04,Karimnagar Mandi 04,APMC Main Yard,TS-D02,Karimnagar,TS,Telangana,15.98,73.12,True,2024-01-01,AGRIPULSE_SYNTHETIC_MODEL_B,1,14
MR00015,MKT0015,Karimnagar Mandi 05,Karimnagar Mkt. 05,Regulated Market,TS-D02,Karimnagar,TS,Telangana,16.05,73.2,True,2024-01-01,AGRIPULSE_SYNTHETIC_MODEL_B,1,15
MR00016,MKT0016,Karimnagar Mandi 06,Karimnagar Mandi 06,Sub Yard,TS-D02,Karimnagar,TS,Telangana,16.12,73.28,True,2024-01-01,AGRIPULSE_SYNTHETIC_MODEL_B,1,16
MR00017,MKT0017,Karimnagar Mandi 07, KARIMNAGAR MANDI 07 ,APMC Main Yard,TS-D02,Karimnagar,TS,Telangana,16.19,73.36,True,2024-01-01,AGRIPULSE_SYNTHETIC_MODEL_B,1,17
MR00018,MKT0018,Karimnagar Mandi 08,Karimnagar Mandi 08,Regulated Market,TS-D02,Karimnagar,TS,Telangana,16.26,73.44,True,2024-01-01,AGRIPULSE_SYNTHETIC_MODEL_B,1,18
MR00019,MKT0019,Karimnagar Mandi 09,Karimnagar Mandi 09,Sub Yard,TS-D02,Karimnagar,TS,Telangana,16.33,73.52,True,2024-01-01,AGRIPULSE_SYNTHETIC_MODEL_B,1,19
MR00020,MKT0020,Karimnagar Mandi 10,Karimnagar Mkt. 10,APMC Main Yard,TS-D02,Karimnagar,TS,Telangana,16.4,73.6,True,2024-01-01,AGRIPULSE_SYNTHETIC_MODEL_B,1,20
MR00021,MKT0021,Khammam Mandi 01,Khammam Mandi 01,Regulated Market,TS-D03,Khammam,TS,Telangana,16.47,73.68,True,2024-01-01,AGRIPULSE_SYNTHETIC_MODEL_B,1,21
MR00022,MKT0022,Khammam Mandi 02,Khammam Mandi 02,Sub Yard,TS-D03,Khammam,TS,Telangana,16.54,73.76,True,2024-01-01,AGRIPULSE_SYNTHETIC_MODEL_B,1,22
MR00023,MKT0023,Khammam Mandi 03,Khammam Mandi 03,APMC Main Yard,TS-D03,Khammam,TS,Telangana,16.61,73.84,True,2024-01-01,AGRIPULSE_SYNTHETIC_MODEL_B,1,23
MR00024,MKT0024,Khammam Mandi 04,Khammam Mandi 04,Regulated Market,TS-D03,Khammam,TS,Telangana,16.68,73.92,True,2024-01-01,AGRIPULSE_SYNTHETIC_MODEL_B,1,24
MR00025,MKT0025,Khammam Mandi 05,Khammam Mkt. 05,Sub Yard,TS-D03,Khammam,TS,Telangana,16.75,74.0,True,2024-01-01,AGRIPULSE_SYNTHETIC_MODEL_B,1,25
MR00026,MKT0026,Khammam Mandi 06,Khammam Mandi 06,APMC Main Yard,TS-D03,Khammam,TS,Telangana,16.82,74.08,True,2024-01-01,AGRIPULSE_SYNTHETIC_MODEL_B,1,26
MR00027,MKT0027,Khammam Mandi 07, KHAMMAM MANDI 07 ,Regulated Market,TS-D03,Khammam,TS,Telangana,16.89,74.16,True,2024-01-01,AGRIPULSE_SYNTHETIC_MODEL_B,1,27
MR00028,MKT0028,Khammam Mandi 08,Khammam Mandi 08,Sub Yard,TS-D03,Khammam,TS,Telangana,16.96,74.24,True,2024-01-01,AGRIPULSE_SYNTHETIC_MODEL_B,1,28
MR00029,MKT0029,Khammam Mandi 09,Khammam Mandi 09,APMC Main Yard,TS-D03,Khammam,TS,Telangana,17.03,74.32,True,2024-01-01,AGRIPULSE_SYNTHETIC_MODEL_B,1,29
MR00030,MKT0030,Khammam Mandi 10,Khammam Mkt. 10,Regulated Market,TS-D03,Khammam,TS,Telangana,17.1,74.4,True,2024-01-01,AGRIPULSE_SYNTHETIC_MODEL_B,1,30
MR00031,MKT0031,Mahabubnagar Mandi 01,Mahabubnagar Mandi 01,Sub Yard,TS-D04,Mahabubnagar,TS,Telangana,17.17,74.48,True,2024-01-01,AGRIPULSE_SYNTHETIC_MODEL_B,1,31
MR00032,MKT0032,Mahabubnagar Mandi 02,Mahabubnagar Mandi 02,APMC Main Yard,TS-D04,Mahabubnagar,TS,Telangana,17.24,74.56,True,2024-01-01,AGRIPULSE_SYNTHETIC_MODEL_B,1,32
MR00033,MKT0033,Mahabubnagar Mandi 03,Mahabubnagar Mandi 03,Regulated Market,TS-D04,Mahabubnagar,TS,Telangana,17.31,74.64,True,2024-01-01,AGRIPULSE_SYNTHETIC_MODEL_B,1,33
MR00034,MKT0034,Mahabubnagar Mandi 04,Mahabubnagar Mandi 04,Sub Yard,TS-D04,Mahabubnagar,TS,Telangana,17.38,74.72,True,2024-01-01,AGRIPULSE_SYNTHETIC_MODEL_B,1,34
MR00035,MKT0035,Mahabubnagar Mandi 05,Mahabubnagar Mkt. 05,APMC Main Yard,TS-D04,Mahabubnagar,TS,Telangana,17.45,74.8,True,2024-01-01,AGRIPULSE_SYNTHETIC_MODEL_B,1,35
MR00036,MKT0036,Mahabubnagar Mandi 06,Mahabubnagar Mandi 06,Regulated Market,TS-D04,Mahabubnagar,TS,Telangana,17.52,74.88,True,2024-01-01,AGRIPULSE_SYNTHETIC_MODEL_B,1,36
MR00037,MKT0037,Mahabubnagar Mandi 07, MAHABUBNAGAR MANDI 07 ,Sub Yard,TS-D04,Mahabubnagar,TS,Telangana,17.59,74.96,True,2024-01-01,AGRIPULSE_SYNTHETIC_MODEL_B,1,37
MR00038,MKT0038,Mahabubnagar Mandi 08,Mahabubnagar Mandi 08,APMC Main Yard,TS-D04,Mahabubnagar,TS,Telangana,17.66,75.04,True,2024-01-01,AGRIPULSE_SYNTHETIC_MODEL_B,1,38
MR00039,MKT0039,Mahabubnagar Mandi 09,Mahabubnagar Mandi 09,Regulated Market,TS-D04,Mahabubnagar,TS,Telangana,17.73,75.12,True,2024-01-01,AGRIPULSE_SYNTHETIC_MODEL_B,1,39
MR00040,MKT0040,Mahabubnagar Mandi 10,Mahabubnagar Mkt. 10,Sub Yard,TS-D04,Mahabubnagar,TS,Telangana,17.8,75.2,True,2024-01-01,AGRIPULSE_SYNTHETIC_MODEL_B,1,40
MR00041,MKT0041,Nalgonda Mandi 01,Nalgonda Mandi 01,APMC Main Yard,TS-D05,Nalgonda,TS,Telangana,17.87,75.28,True,2024-01-01,AGRIPULSE_SYNTHETIC_MODEL_B,1,41
MR00042,MKT0042,Nalgonda Mandi 02,Nalgonda Mandi 02,Regulated Market,TS-D05,Nalgonda,TS,Telangana,17.94,75.36,True,2024-01-01,AGRIPULSE_SYNTHETIC_MODEL_B,1,42
MR00043,MKT0043,Nalgonda Mandi 03,Nalgonda Mandi 03,Sub Yard,TS-D05,Nalgonda,TS,Telangana,18.01,75.44,True,2024-01-01,AGRIPULSE_SYNTHETIC_MODEL_B,1,43
MR00044,MKT0044,Nalgonda Mandi 04,Nalgonda Mandi 04,APMC Main Yard,TS-D05,Nalgonda,TS,Telangana,18.08,75.52,True,2024-01-01,AGRIPULSE_SYNTHETIC_MODEL_B,1,44
MR00045,MKT0045,Nalgonda Mandi 05,Nalgonda Mkt. 05,Regulated Market,TS-D05,Nalgonda,TS,Telangana,18.15,75.6,True,2024-01-01,AGRIPULSE_SYNTHETIC_MODEL_B,1,45
MR00046,MKT0046,Nalgonda Mandi 06,Nalgonda Mandi 06,Sub Yard,TS-D05,Nalgonda,TS,Telangana,18.22,75.68,True,2024-01-01,AGRIPULSE_SYNTHETIC_MODEL_B,1,46
MR00047,MKT0047,Nalgonda Mandi 07, NALGONDA MANDI 07 ,APMC Main Yard,TS-D05,Nalgonda,TS,Telangana,18.29,75.76,True,2024-01-01,AGRIPULSE_SYNTHETIC_MODEL_B,1,47
MR00048,MKT0048,Nalgonda Mandi 08,Nalgonda Mandi 08,Regulated Market,TS-D05,Nalgonda,TS,Telangana,18.36,75.84,True,2024-01-01,AGRIPULSE_SYNTHETIC_MODEL_B,1,48
MR00049,MKT0049,Nalgonda Mandi 09,Nalgonda Mandi 09,Sub Yard,TS-D05,Nalgonda,TS,Telangana,18.43,75.92,True,2024-01-01,AGRIPULSE_SYNTHETIC_MODEL_B,1,49
MR00050,MKT0050,Nalgonda Mandi 10,Nalgonda Mkt. 10,APMC Main Yard,TS-D05,Nalgonda,TS,Telangana,18.5,76.0,True,2024-01-01,AGRIPULSE_SYNTHETIC_MODEL_B,1,50
MR00051,MKT0051,Warangal Mandi 01,Warangal Mandi 01,Regulated Market,TS-D06,Warangal,TS,Telangana,18.57,76.08,True,2024-01-01,AGRIPULSE_SYNTHETIC_MODEL_B,1,51
MR00052,MKT0052,Warangal Mandi 02,Warangal Mandi 02,Sub Yard,TS-D06,Warangal,TS,Telangana,18.64,76.16,True,2024-01-01,AGRIPULSE_SYNTHETIC_MODEL_B,1,52
MR00053,MKT0053,Warangal Mandi 03,Warangal Mandi 03,APMC Main Yard,TS-D06,Warangal,TS,Telangana,18.71,76.24,True,2024-01-01,AGRIPULSE_SYNTHETIC_MODEL_B,1,53
MR00054,MKT0054,Warangal Mandi 04,Warangal Mandi 04,Regulated Market,TS-D06,Warangal,TS,Telangana,18.78,76.32,True,2024-01-01,AGRIPULSE_SYNTHETIC_MODEL_B,1,54
MR00055,MKT0055,Warangal Mandi 05,Warangal Mkt. 05,Sub Yard,TS-D06,Warangal,TS,Telangana,18.85,76.4,True,2024-01-01,AGRIPULSE_SYNTHETIC_MODEL_B,1,55
MR00056,MKT0056,Warangal Mandi 06,Warangal Mandi 06,APMC Main Yard,TS-D06,Warangal,TS,Telangana,18.92,76.48,True,2024-01-01,AGRIPULSE_SYNTHETIC_MODEL_B,1,56
MR00057,MKT0057,Warangal Mandi 07, WARANGAL MANDI 07 ,Regulated Market,TS-D06,Warangal,TS,Telangana,18.99,76.56,True,2024-01-01,AGRIPULSE_SYNTHETIC_MODEL_B,1,57
MR00058,MKT0058,Warangal Mandi 08,Warangal Mandi 08,Sub Yard,TS-D06,Warangal,TS,Telangana,19.06,76.64,True,2024-01-01,AGRIPULSE_SYNTHETIC_MODEL_B,1,58
MR00059,MKT0059,Warangal Mandi 09,Warangal Mandi 09,APMC Main Yard,TS-D06,Warangal,TS,Telangana,19.13,76.72,True,2024-01-01,AGRIPULSE_SYNTHETIC_MODEL_B,1,59
MR00060,MKT0060,Warangal Mandi 10,Warangal Mkt. 10,Regulated Market,TS-D06,Warangal,TS,Telangana,19.2,76.8,True,2024-01-01,AGRIPULSE_SYNTHETIC_MODEL_B,1,60
MR00061,MKT0061,Anantapur Mandi 01,Anantapur Mandi 01,Sub Yard,AP-D01,Anantapur,AP,Andhra Pradesh,19.27,76.88,True,2024-01-01,AGRIPULSE_SYNTHETIC_MODEL_B,1,61
MR00062,MKT0062,Anantapur Mandi 02,Anantapur Mandi 02,APMC Main Yard,AP-D01,Anantapur,AP,Andhra Pradesh,19.34,76.96,True,2024-01-01,AGRIPULSE_SYNTHETIC_MODEL_B,1,62
MR00063,MKT0063,Anantapur Mandi 03,Anantapur Mandi 03,Regulated Market,AP-D01,Anantapur,AP,Andhra Pradesh,19.41,77.04,True,2024-01-01,AGRIPULSE_SYNTHETIC_MODEL_B,1,63
MR00064,MKT0064,Anantapur Mandi 04,Anantapur Mandi 04,Sub Yard,AP-D01,Anantapur,AP,Andhra Pradesh,19.48,77.12,True,2024-01-01,AGRIPULSE_SYNTHETIC_MODEL_B,1,64
MR00065,MKT0065,Anantapur Mandi 05,Anantapur Mkt. 05,APMC Main Yard,AP-D01,Anantapur,AP,Andhra Pradesh,19.55,77.2,True,2024-01-01,AGRIPULSE_SYNTHETIC_MODEL_B,1,65
MR00066,MKT0066,Anantapur Mandi 06,Anantapur Mandi 06,Regulated Market,AP-D01,Anantapur,AP,Andhra Pradesh,19.62,77.28,True,2024-01-01,AGRIPULSE_SYNTHETIC_MODEL_B,1,66
MR00067,MKT0067,Anantapur Mandi 07, ANANTAPUR MANDI 07 ,Sub Yard,AP-D01,Anantapur,AP,Andhra Pradesh,19.69,77.36,True,2024-01-01,AGRIPULSE_SYNTHETIC_MODEL_B,1,67
MR00068,MKT0068,Anantapur Mandi 08,Anantapur Mandi 08,APMC Main Yard,AP-D01,Anantapur,AP,Andhra Pradesh,19.76,77.44,True,2024-01-01,AGRIPULSE_SYNTHETIC_MODEL_B,1,68
MR00069,MKT0069,Anantapur Mandi 09,Anantapur Mandi 09,Regulated Market,AP-D01,Anantapur,AP,Andhra Pradesh,19.83,77.52,True,2024-01-01,AGRIPULSE_SYNTHETIC_MODEL_B,1,69
MR00070,MKT0070,Anantapur Mandi 10,Anantapur Mkt. 10,Sub Yard,AP-D01,Anantapur,AP,Andhra Pradesh,19.9,77.6,True,2024-01-01,AGRIPULSE_SYNTHETIC_MODEL_B,1,70
MR00071,MKT0071,Chittoor Mandi 01,Chittoor Mandi 01,APMC Main Yard,AP-D02,Chittoor,AP,Andhra Pradesh,19.97,77.68,True,2024-01-01,AGRIPULSE_SYNTHETIC_MODEL_B,1,71
MR00072,MKT0072,Chittoor Mandi 02,Chittoor Mandi 02,Regulated Market,AP-D02,Chittoor,AP,Andhra Pradesh,20.04,77.76,True,2024-01-01,AGRIPULSE_SYNTHETIC_MODEL_B,1,72
MR00073,MKT0073,Chittoor Mandi 03,Chittoor Mandi 03,Sub Yard,AP-D02,Chittoor,AP,Andhra Pradesh,20.11,77.84,True,2024-01-01,AGRIPULSE_SYNTHETIC_MODEL_B,1,73
MR00074,MKT0074,Chittoor Mandi 04,Chittoor Mandi 04,APMC Main Yard,AP-D02,Chittoor,AP,Andhra Pradesh,20.18,77.92,True,2024-01-01,AGRIPULSE_SYNTHETIC_MODEL_B,1,74
MR00075,MKT0075,Chittoor Mandi 05,Chittoor Mkt. 05,Regulated Market,AP-D02,Chittoor,AP,Andhra Pradesh,20.25,78.0,True,2024-01-01,AGRIPULSE_SYNTHETIC_MODEL_B,1,75
MR00076,MKT0076,Chittoor Mandi 06,Chittoor Mandi 06,Sub Yard,AP-D02,Chittoor,AP,Andhra Pradesh,20.32,78.08,True,2024-01-01,AGRIPULSE_SYNTHETIC_MODEL_B,1,76
MR00077,MKT0077,Chittoor Mandi 07, CHITTOOR MANDI 07 ,APMC Main Yard,AP-D02,Chittoor,AP,Andhra Pradesh,20.39,78.16,True,2024-01-01,AGRIPULSE_SYNTHETIC_MODEL_B,1,77
MR00078,MKT0078,Chittoor Mandi 08,Chittoor Mandi 08,Regulated Market,AP-D02,Chittoor,AP,Andhra Pradesh,20.46,78.24,True,2024-01-01,AGRIPULSE_SYNTHETIC_MODEL_B,1,78
MR00079,MKT0079,Chittoor Mandi 09,Chittoor Mandi 09,Sub Yard,AP-D02,Chittoor,AP,Andhra Pradesh,20.53,78.32,True,2024-01-01,AGRIPULSE_SYNTHETIC_MODEL_B,1,79
MR00080,MKT0080,Chittoor Mandi 10,Chittoor Mkt. 10,APMC Main Yard,AP-D02,Chittoor,AP,Andhra Pradesh,20.6,78.4,True,2024-01-01,AGRIPULSE_SYNTHETIC_MODEL_B,1,80
MR00081,MKT0081,Guntur Mandi 01,Guntur Mandi 01,Regulated Market,AP-D03,Guntur,AP,Andhra Pradesh,20.67,78.48,True,2024-01-01,AGRIPULSE_SYNTHETIC_MODEL_B,1,81
MR00082,MKT0082,Guntur Mandi 02,Guntur Mandi 02,Sub Yard,AP-D03,Guntur,AP,Andhra Pradesh,20.74,78.56,True,2024-01-01,AGRIPULSE_SYNTHETIC_MODEL_B,1,82
MR00083,MKT0083,Guntur Mandi 03,Guntur Mandi 03,APMC Main Yard,AP-D03,Guntur,AP,Andhra Pradesh,20.81,78.64,True,2024-01-01,AGRIPULSE_SYNTHETIC_MODEL_B,1,83
MR00084,MKT0084,Guntur Mandi 04,Guntur Mandi 04,Regulated Market,AP-D03,Guntur,AP,Andhra Pradesh,20.88,78.72,True,2024-01-01,AGRIPULSE_SYNTHETIC_MODEL_B,1,84
MR00085,MKT0085,Guntur Mandi 05,Guntur Mkt. 05,Sub Yard,AP-D03,Guntur,AP,Andhra Pradesh,20.95,78.8,True,2024-01-01,AGRIPULSE_SYNTHETIC_MODEL_B,1,85
MR00086,MKT0086,Guntur Mandi 06,Guntur Mandi 06,APMC Main Yard,AP-D03,Guntur,AP,Andhra Pradesh,21.02,78.88,True,2024-01-01,AGRIPULSE_SYNTHETIC_MODEL_B,1,86
MR00087,MKT0087,Guntur Mandi 07, GUNTUR MANDI 07 ,Regulated Market,AP-D03,Guntur,AP,Andhra Pradesh,21.09,78.96,True,2024-01-01,AGRIPULSE_SYNTHETIC_MODEL_B,1,87
MR00088,MKT0088,Guntur Mandi 08,Guntur Mandi 08,Sub Yard,AP-D03,Guntur,AP,Andhra Pradesh,21.16,79.04,True,2024-01-01,AGRIPULSE_SYNTHETIC_MODEL_B,1,88
MR00089,MKT0089,Guntur Mandi 09,Guntur Mandi 09,APMC Main Yard,AP-D03,Guntur,AP,Andhra Pradesh,21.23,79.12,True,2024-01-01,AGRIPULSE_SYNTHETIC_MODEL_B,1,89
MR00090,MKT0090,Guntur Mandi 10,Guntur Mkt. 10,Regulated Market,AP-D03,Guntur,AP,Andhra Pradesh,21.3,79.2,True,2024-01-01,AGRIPULSE_SYNTHETIC_MODEL_B,1,90
MR00091,MKT0091,Kurnool Mandi 01,Kurnool Mandi 01,Sub Yard,AP-D04,Kurnool,AP,Andhra Pradesh,21.37,79.28,True,2024-01-01,AGRIPULSE_SYNTHETIC_MODEL_B,1,91
MR00092,MKT0092,Kurnool Mandi 02,Kurnool Mandi 02,APMC Main Yard,AP-D04,Kurnool,AP,Andhra Pradesh,21.44,79.36,True,2024-01-01,AGRIPULSE_SYNTHETIC_MODEL_B,1,92
MR00093,MKT0093,Kurnool Mandi 03,Kurnool Mandi 03,Regulated Market,AP-D04,Kurnool,AP,Andhra Pradesh,21.51,79.44,True,2024-01-01,AGRIPULSE_SYNTHETIC_MODEL_B,1,93
MR00094,MKT0094,Kurnool Mandi 04,Kurnool Mandi 04,Sub Yard,AP-D04,Kurnool,AP,Andhra Pradesh,21.58,79.52,True,2024-01-01,AGRIPULSE_SYNTHETIC_MODEL_B,1,94
MR00095,MKT0095,Kurnool Mandi 05,Kurnool Mkt. 05,APMC Main Yard,AP-D04,Kurnool,AP,Andhra Pradesh,21.65,79.6,True,2024-01-01,AGRIPULSE_SYNTHETIC_MODEL_B,1,95
MR00096,MKT0096,Kurnool Mandi 06,Kurnool Mandi 06,Regulated Market,AP-D04,Kurnool,AP,Andhra Pradesh,21.72,79.68,True,2024-01-01,AGRIPULSE_SYNTHETIC_MODEL_B,1,96
MR00097,MKT0097,Kurnool Mandi 07, KURNOOL MANDI 07 ,Sub Yard,AP-D04,Kurnool,AP,Andhra Pradesh,21.79,79.76,True,2024-01-01,AGRIPULSE_SYNTHETIC_MODEL_B,1,97
MR00098,MKT0098,Kurnool Mandi 08,Kurnool Mandi 08,APMC Main Yard,AP-D04,Kurnool,AP,Andhra Pradesh,21.86,79.84,True,2024-01-01,AGRIPULSE_SYNTHETIC_MODEL_B,1,98
MR00099,MKT0099,Kurnool Mandi 09,Kurnool Mandi 09,Regulated Market,AP-D04,Kurnool,AP,Andhra Pradesh,21.93,79.92,True,2024-01-01,AGRIPULSE_SYNTHETIC_MODEL_B,1,99
MR00100,MKT0100,Kurnool Mandi 10,Kurnool Mkt. 10,Sub Yard,AP-D04,Kurnool,AP,Andhra Pradesh,22.0,80.0,True,2024-01-01,AGRIPULSE_SYNTHETIC_MODEL_B,1,100
MR00101,MKT0101,Nellore Mandi 01,Nellore Mandi 01,APMC Main Yard,AP-D05,Nellore,AP,Andhra Pradesh,22.07,80.08,True,2024-01-01,AGRIPULSE_SYNTHETIC_MODEL_B,1,101
MR00102,MKT0102,Nellore Mandi 02,Nellore Mandi 02,Regulated Market,AP-D05,Nellore,AP,Andhra Pradesh,22.14,80.16,True,2024-01-01,AGRIPULSE_SYNTHETIC_MODEL_B,1,102
MR00103,MKT0103,Nellore Mandi 03,Nellore Mandi 03,Sub Yard,AP-D05,Nellore,AP,Andhra Pradesh,22.21,80.24,True,2024-01-01,AGRIPULSE_SYNTHETIC_MODEL_B,1,103
MR00104,MKT0104,Nellore Mandi 04,Nellore Mandi 04,APMC Main Yard,AP-D05,Nellore,AP,Andhra Pradesh,22.28,80.32,True,2024-01-01,AGRIPULSE_SYNTHETIC_MODEL_B,1,104
MR00105,MKT0105,Nellore Mandi 05,Nellore Mkt. 05,Regulated Market,AP-D05,Nellore,AP,Andhra Pradesh,22.35,80.4,True,2024-01-01,AGRIPULSE_SYNTHETIC_MODEL_B,1,105
MR00106,MKT0106,Nellore Mandi 06,Nellore Mandi 06,Sub Yard,AP-D05,Nellore,AP,Andhra Pradesh,22.42,80.48,True,2024-01-01,AGRIPULSE_SYNTHETIC_MODEL_B,1,106
MR00107,MKT0107,Nellore Mandi 07, NELLORE MANDI 07 ,APMC Main Yard,AP-D05,Nellore,AP,Andhra Pradesh,22.49,80.56,True,2024-01-01,AGRIPULSE_SYNTHETIC_MODEL_B,1,107
MR00108,MKT0108,Nellore Mandi 08,Nellore Mandi 08,Regulated Market,AP-D05,Nellore,AP,Andhra Pradesh,22.56,80.64,True,2024-01-01,AGRIPULSE_SYNTHETIC_MODEL_B,1,108
MR00109,MKT0109,Nellore Mandi 09,Nellore Mandi 09,Sub Yard,AP-D05,Nellore,AP,Andhra Pradesh,22.63,80.72,True,2024-01-01,AGRIPULSE_SYNTHETIC_MODEL_B,1,109
MR00110,MKT0110,Nellore Mandi 10,Nellore Mkt. 10,APMC Main Yard,AP-D05,Nellore,AP,Andhra Pradesh,22.7,80.8,True,2024-01-01,AGRIPULSE_SYNTHETIC_MODEL_B,1,110
MR00111,MKT0111,Visakhapatnam Mandi 01,Visakhapatnam Mandi 01,Regulated Market,AP-D06,Visakhapatnam,AP,Andhra Pradesh,22.77,80.88,True,2024-01-01,AGRIPULSE_SYNTHETIC_MODEL_B,1,111
MR00112,MKT0112,Visakhapatnam Mandi 02,Visakhapatnam Mandi 02,Sub Yard,AP-D06,Visakhapatnam,AP,Andhra Pradesh,22.84,80.96,True,2024-01-01,AGRIPULSE_SYNTHETIC_MODEL_B,1,112
MR00113,MKT0113,Visakhapatnam Mandi 03,Visakhapatnam Mandi 03,APMC Main Yard,AP-D06,Visakhapatnam,AP,Andhra Pradesh,22.91,81.04,True,2024-01-01,AGRIPULSE_SYNTHETIC_MODEL_B,1,113
MR00114,MKT0114,Visakhapatnam Mandi 04,Visakhapatnam Mandi 04,Regulated Market,AP-D06,Visakhapatnam,AP,Andhra Pradesh,22.98,81.12,True,2024-01-01,AGRIPULSE_SYNTHETIC_MODEL_B,1,114
MR00115,MKT0115,Visakhapatnam Mandi 05,Visakhapatnam Mkt. 05,Sub Yard,AP-D06,Visakhapatnam,AP,Andhra Pradesh,23.05,81.2,True,2024-01-01,AGRIPULSE_SYNTHETIC_MODEL_B,1,115
MR00116,MKT0116,Visakhapatnam Mandi 06,Visakhapatnam Mandi 06,APMC Main Yard,AP-D06,Visakhapatnam,AP,Andhra Pradesh,23.12,81.28,True,2024-01-01,AGRIPULSE_SYNTHETIC_MODEL_B,1,116
MR00117,MKT0117,Visakhapatnam Mandi 07, VISAKHAPATNAM MANDI 07 ,Regulated Market,AP-D06,Visakhapatnam,AP,Andhra Pradesh,23.19,81.36,True,2024-01-01,AGRIPULSE_SYNTHETIC_MODEL_B,1,117
MR00118,MKT0118,Visakhapatnam Mandi 08,Visakhapatnam Mandi 08,Sub Yard,AP-D06,Visakhapatnam,AP,Andhra Pradesh,23.26,81.44,True,2024-01-01,AGRIPULSE_SYNTHETIC_MODEL_B,1,118
MR00119,MKT0119,Visakhapatnam Mandi 09,Visakhapatnam Mandi 09,APMC Main Yard,AP-D06,Visakhapatnam,AP,Andhra Pradesh,23.33,81.52,True,2024-01-01,AGRIPULSE_SYNTHETIC_MODEL_B,1,119
MR00120,MKT0120,Visakhapatnam Mandi 10,Visakhapatnam Mkt. 10,Regulated Market,AP-D06,Visakhapatnam,AP,Andhra Pradesh,23.4,81.6,True,2024-01-01,AGRIPULSE_SYNTHETIC_MODEL_B,1,120
MR00121,MKT0121,Belagavi Mandi 01,Belagavi Mandi 01,Sub Yard,KA-D01,Belagavi,KA,Karnataka,23.47,81.68,True,2024-01-01,AGRIPULSE_SYNTHETIC_MODEL_B,1,121
MR00122,MKT0122,Belagavi Mandi 02,Belagavi Mandi 02,APMC Main Yard,KA-D01,Belagavi,KA,Karnataka,23.54,81.76,True,2024-01-01,AGRIPULSE_SYNTHETIC_MODEL_B,1,122
MR00123,MKT0123,Belagavi Mandi 03,Belagavi Mandi 03,Regulated Market,KA-D01,Belagavi,KA,Karnataka,23.61,81.84,True,2024-01-01,AGRIPULSE_SYNTHETIC_MODEL_B,1,123
MR00124,MKT0124,Belagavi Mandi 04,Belagavi Mandi 04,Sub Yard,KA-D01,Belagavi,KA,Karnataka,23.68,81.92,True,2024-01-01,AGRIPULSE_SYNTHETIC_MODEL_B,1,124
MR00125,MKT0125,Belagavi Mandi 05,Belagavi Mkt. 05,APMC Main Yard,KA-D01,Belagavi,KA,Karnataka,23.75,82.0,True,2024-01-01,AGRIPULSE_SYNTHETIC_MODEL_B,1,125
MR00126,MKT0126,Belagavi Mandi 06,Belagavi Mandi 06,Regulated Market,KA-D01,Belagavi,KA,Karnataka,23.82,82.08,True,2024-01-01,AGRIPULSE_SYNTHETIC_MODEL_B,1,126
MR00127,MKT0127,Belagavi Mandi 07, BELAGAVI MANDI 07 ,Sub Yard,KA-D01,Belagavi,KA,Karnataka,23.89,82.16,True,2024-01-01,AGRIPULSE_SYNTHETIC_MODEL_B,1,127
MR00128,MKT0128,Belagavi Mandi 08,Belagavi Mandi 08,APMC Main Yard,KA-D01,Belagavi,KA,Karnataka,23.96,82.24,True,2024-01-01,AGRIPULSE_SYNTHETIC_MODEL_B,1,128
MR00129,MKT0129,Belagavi Mandi 09,Belagavi Mandi 09,Regulated Market,KA-D01,Belagavi,KA,Karnataka,24.03,82.32,True,2024-01-01,AGRIPULSE_SYNTHETIC_MODEL_B,1,129
MR00130,MKT0130,Belagavi Mandi 10,Belagavi Mkt. 10,Sub Yard,KA-D01,Belagavi,KA,Karnataka,24.1,82.4,True,2024-01-01,AGRIPULSE_SYNTHETIC_MODEL_B,1,130
MR00131,MKT0131,Ballari Mandi 01,Ballari Mandi 01,APMC Main Yard,KA-D02,Ballari,KA,Karnataka,24.17,82.48,True,2024-01-01,AGRIPULSE_SYNTHETIC_MODEL_B,1,131
MR00132,MKT0132,Ballari Mandi 02,Ballari Mandi 02,Regulated Market,KA-D02,Ballari,KA,Karnataka,24.24,82.56,True,2024-01-01,AGRIPULSE_SYNTHETIC_MODEL_B,1,132
MR00133,MKT0133,Ballari Mandi 03,Ballari Mandi 03,Sub Yard,KA-D02,Ballari,KA,Karnataka,24.31,82.64,True,2024-01-01,AGRIPULSE_SYNTHETIC_MODEL_B,1,133
MR00134,MKT0134,Ballari Mandi 04,Ballari Mandi 04,APMC Main Yard,KA-D02,Ballari,KA,Karnataka,24.38,82.72,True,2024-01-01,AGRIPULSE_SYNTHETIC_MODEL_B,1,134
MR00135,MKT0135,Ballari Mandi 05,Ballari Mkt. 05,Regulated Market,KA-D02,Ballari,KA,Karnataka,24.45,82.8,True,2024-01-01,AGRIPULSE_SYNTHETIC_MODEL_B,1,135
MR00136,MKT0136,Ballari Mandi 06,Ballari Mandi 06,Sub Yard,KA-D02,Ballari,KA,Karnataka,24.52,82.88,True,2024-01-01,AGRIPULSE_SYNTHETIC_MODEL_B,1,136
MR00137,MKT0137,Ballari Mandi 07, BALLARI MANDI 07 ,APMC Main Yard,KA-D02,Ballari,KA,Karnataka,24.59,82.96,True,2024-01-01,AGRIPULSE_SYNTHETIC_MODEL_B,1,137
MR00138,MKT0138,Ballari Mandi 08,Ballari Mandi 08,Regulated Market,KA-D02,Ballari,KA,Karnataka,24.66,83.04,True,2024-01-01,AGRIPULSE_SYNTHETIC_MODEL_B,1,138
MR00139,MKT0139,Ballari Mandi 09,Ballari Mandi 09,Sub Yard,KA-D02,Ballari,KA,Karnataka,24.73,83.12,True,2024-01-01,AGRIPULSE_SYNTHETIC_MODEL_B,1,139
MR00140,MKT0140,Ballari Mandi 10,Ballari Mkt. 10,APMC Main Yard,KA-D02,Ballari,KA,Karnataka,24.8,83.2,True,2024-01-01,AGRIPULSE_SYNTHETIC_MODEL_B,1,140
MR00141,MKT0141,Dharwad Mandi 01,Dharwad Mandi 01,Regulated Market,KA-D03,Dharwad,KA,Karnataka,24.87,83.28,True,2024-01-01,AGRIPULSE_SYNTHETIC_MODEL_B,1,141
MR00142,MKT0142,Dharwad Mandi 02,Dharwad Mandi 02,Sub Yard,KA-D03,Dharwad,KA,Karnataka,24.94,83.36,True,2024-01-01,AGRIPULSE_SYNTHETIC_MODEL_B,1,142
MR00143,MKT0143,Dharwad Mandi 03,Dharwad Mandi 03,APMC Main Yard,KA-D03,Dharwad,KA,Karnataka,25.01,83.44,True,2024-01-01,AGRIPULSE_SYNTHETIC_MODEL_B,1,143
MR00144,MKT0144,Dharwad Mandi 04,Dharwad Mandi 04,Regulated Market,KA-D03,Dharwad,KA,Karnataka,25.08,83.52,True,2024-01-01,AGRIPULSE_SYNTHETIC_MODEL_B,1,144
MR00145,MKT0145,Dharwad Mandi 05,Dharwad Mkt. 05,Sub Yard,KA-D03,Dharwad,KA,Karnataka,25.15,83.6,True,2024-01-01,AGRIPULSE_SYNTHETIC_MODEL_B,1,145
MR00146,MKT0146,Dharwad Mandi 06,Dharwad Mandi 06,APMC Main Yard,KA-D03,Dharwad,KA,Karnataka,25.22,83.68,True,2024-01-01,AGRIPULSE_SYNTHETIC_MODEL_B,1,146
MR00147,MKT0147,Dharwad Mandi 07, DHARWAD MANDI 07 ,Regulated Market,KA-D03,Dharwad,KA,Karnataka,25.29,83.76,True,2024-01-01,AGRIPULSE_SYNTHETIC_MODEL_B,1,147
MR00148,MKT0148,Dharwad Mandi 08,Dharwad Mandi 08,Sub Yard,KA-D03,Dharwad,KA,Karnataka,25.36,83.84,True,2024-01-01,AGRIPULSE_SYNTHETIC_MODEL_B,1,148
MR00149,MKT0149,Dharwad Mandi 09,Dharwad Mandi 09,APMC Main Yard,KA-D03,Dharwad,KA,Karnataka,25.43,83.92,True,2024-01-01,AGRIPULSE_SYNTHETIC_MODEL_B,1,149
MR00150,MKT0150,Dharwad Mandi 10,Dharwad Mkt. 10,Regulated Market,KA-D03,Dharwad,KA,Karnataka,25.5,84.0,True,2024-01-01,AGRIPULSE_SYNTHETIC_MODEL_B,1,150
MR00151,MKT0151,Kalaburagi Mandi 01,Kalaburagi Mandi 01,Sub Yard,KA-D04,Kalaburagi,KA,Karnataka,25.57,84.08,True,2024-01-01,AGRIPULSE_SYNTHETIC_MODEL_B,1,151
MR00152,MKT0152,Kalaburagi Mandi 02,Kalaburagi Mandi 02,APMC Main Yard,KA-D04,Kalaburagi,KA,Karnataka,25.64,84.16,True,2024-01-01,AGRIPULSE_SYNTHETIC_MODEL_B,1,152
MR00153,MKT0153,Kalaburagi Mandi 03,Kalaburagi Mandi 03,Regulated Market,KA-D04,Kalaburagi,KA,Karnataka,25.71,84.24,True,2024-01-01,AGRIPULSE_SYNTHETIC_MODEL_B,1,153
MR00154,MKT0154,Kalaburagi Mandi 04,Kalaburagi Mandi 04,Sub Yard,KA-D04,Kalaburagi,KA,Karnataka,25.78,84.32,True,2024-01-01,AGRIPULSE_SYNTHETIC_MODEL_B,1,154
MR00155,MKT0155,Kalaburagi Mandi 05,Kalaburagi Mkt. 05,APMC Main Yard,KA-D04,Kalaburagi,KA,Karnataka,25.85,84.4,True,2024-01-01,AGRIPULSE_SYNTHETIC_MODEL_B,1,155
MR00156,MKT0156,Kalaburagi Mandi 06,Kalaburagi Mandi 06,Regulated Market,KA-D04,Kalaburagi,KA,Karnataka,25.92,84.48,True,2024-01-01,AGRIPULSE_SYNTHETIC_MODEL_B,1,156
MR00157,MKT0157,Kalaburagi Mandi 07, KALABURAGI MANDI 07 ,Sub Yard,KA-D04,Kalaburagi,KA,Karnataka,25.99,84.56,True,2024-01-01,AGRIPULSE_SYNTHETIC_MODEL_B,1,157
MR00158,MKT0158,Kalaburagi Mandi 08,Kalaburagi Mandi 08,APMC Main Yard,KA-D04,Kalaburagi,KA,Karnataka,26.06,84.64,True,2024-01-01,AGRIPULSE_SYNTHETIC_MODEL_B,1,158
MR00159,MKT0159,Kalaburagi Mandi 09,Kalaburagi Mandi 09,Regulated Market,KA-D04,Kalaburagi,KA,Karnataka,26.13,84.72,True,2024-01-01,AGRIPULSE_SYNTHETIC_MODEL_B,1,159
MR00160,MKT0160,Kalaburagi Mandi 10,Kalaburagi Mkt. 10,Sub Yard,KA-D04,Kalaburagi,KA,Karnataka,26.2,84.8,True,2024-01-01,AGRIPULSE_SYNTHETIC_MODEL_B,1,160
MR00161,MKT0161,Mysuru Mandi 01,Mysuru Mandi 01,APMC Main Yard,KA-D05,Mysuru,KA,Karnataka,26.27,84.88,True,2024-01-01,AGRIPULSE_SYNTHETIC_MODEL_B,1,161
MR00162,MKT0162,Mysuru Mandi 02,Mysuru Mandi 02,Regulated Market,KA-D05,Mysuru,KA,Karnataka,26.34,84.96,True,2024-01-01,AGRIPULSE_SYNTHETIC_MODEL_B,1,162
MR00163,MKT0163,Mysuru Mandi 03,Mysuru Mandi 03,Sub Yard,KA-D05,Mysuru,KA,Karnataka,26.41,85.04,True,2024-01-01,AGRIPULSE_SYNTHETIC_MODEL_B,1,163
MR00164,MKT0164,Mysuru Mandi 04,Mysuru Mandi 04,APMC Main Yard,KA-D05,Mysuru,KA,Karnataka,26.48,85.12,True,2024-01-01,AGRIPULSE_SYNTHETIC_MODEL_B,1,164
MR00165,MKT0165,Mysuru Mandi 05,Mysuru Mkt. 05,Regulated Market,KA-D05,Mysuru,KA,Karnataka,26.55,85.2,True,2024-01-01,AGRIPULSE_SYNTHETIC_MODEL_B,1,165
MR00166,MKT0166,Mysuru Mandi 06,Mysuru Mandi 06,Sub Yard,KA-D05,Mysuru,KA,Karnataka,26.62,85.28,True,2024-01-01,AGRIPULSE_SYNTHETIC_MODEL_B,1,166
MR00167,MKT0167,Mysuru Mandi 07, MYSURU MANDI 07 ,APMC Main Yard,KA-D05,Mysuru,KA,Karnataka,26.69,85.36,True,2024-01-01,AGRIPULSE_SYNTHETIC_MODEL_B,1,167
MR00168,MKT0168,Mysuru Mandi 08,Mysuru Mandi 08,Regulated Market,KA-D05,Mysuru,KA,Karnataka,26.76,85.44,True,2024-01-01,AGRIPULSE_SYNTHETIC_MODEL_B,1,168
MR00169,MKT0169,Mysuru Mandi 09,Mysuru Mandi 09,Sub Yard,KA-D05,Mysuru,KA,Karnataka,26.83,85.52,True,2024-01-01,AGRIPULSE_SYNTHETIC_MODEL_B,1,169
MR00170,MKT0170,Mysuru Mandi 10,Mysuru Mkt. 10,APMC Main Yard,KA-D05,Mysuru,KA,Karnataka,26.9,85.6,True,2024-01-01,AGRIPULSE_SYNTHETIC_MODEL_B,1,170
MR00171,MKT0171,Tumakuru Mandi 01,Tumakuru Mandi 01,Regulated Market,KA-D06,Tumakuru,KA,Karnataka,26.97,85.68,True,2024-01-01,AGRIPULSE_SYNTHETIC_MODEL_B,1,171
MR00172,MKT0172,Tumakuru Mandi 02,Tumakuru Mandi 02,Sub Yard,KA-D06,Tumakuru,KA,Karnataka,27.04,85.76,True,2024-01-01,AGRIPULSE_SYNTHETIC_MODEL_B,1,172
MR00173,MKT0173,Tumakuru Mandi 03,Tumakuru Mandi 03,APMC Main Yard,KA-D06,Tumakuru,KA,Karnataka,27.11,85.84,True,2024-01-01,AGRIPULSE_SYNTHETIC_MODEL_B,1,173
MR00174,MKT0174,Tumakuru Mandi 04,Tumakuru Mandi 04,Regulated Market,KA-D06,Tumakuru,KA,Karnataka,27.18,85.92,True,2024-01-01,AGRIPULSE_SYNTHETIC_MODEL_B,1,174
MR00175,MKT0175,Tumakuru Mandi 05,Tumakuru Mkt. 05,Sub Yard,KA-D06,Tumakuru,KA,Karnataka,27.25,86.0,True,2024-01-01,AGRIPULSE_SYNTHETIC_MODEL_B,1,175
MR00176,MKT0176,Tumakuru Mandi 06,Tumakuru Mandi 06,APMC Main Yard,KA-D06,Tumakuru,KA,Karnataka,27.32,86.08,True,2024-01-01,AGRIPULSE_SYNTHETIC_MODEL_B,1,176
MR00177,MKT0177,Tumakuru Mandi 07, TUMAKURU MANDI 07 ,Regulated Market,KA-D06,Tumakuru,KA,Karnataka,27.39,86.16,True,2024-01-01,AGRIPULSE_SYNTHETIC_MODEL_B,1,177
MR00178,MKT0178,Tumakuru Mandi 08,Tumakuru Mandi 08,Sub Yard,KA-D06,Tumakuru,KA,Karnataka,27.46,86.24,True,2024-01-01,AGRIPULSE_SYNTHETIC_MODEL_B,1,178
MR00179,MKT0179,Tumakuru Mandi 09,Tumakuru Mandi 09,APMC Main Yard,KA-D06,Tumakuru,KA,Karnataka,27.53,86.32,True,2024-01-01,AGRIPULSE_SYNTHETIC_MODEL_B,1,179
MR00180,MKT0180,Tumakuru Mandi 10,Tumakuru Mkt. 10,Regulated Market,KA-D06,Tumakuru,KA,Karnataka,27.6,72.0,True,2024-01-01,AGRIPULSE_SYNTHETIC_MODEL_B,1,180
MR00181,MKT0181,Ahmednagar Mandi 01,Ahmednagar Mandi 01,Sub Yard,MH-D01,Ahmednagar,MH,Maharashtra,27.67,72.08,True,2024-01-01,AGRIPULSE_SYNTHETIC_MODEL_B,1,181
MR00182,MKT0182,Ahmednagar Mandi 02,Ahmednagar Mandi 02,APMC Main Yard,MH-D01,Ahmednagar,MH,Maharashtra,27.74,72.16,True,2024-01-01,AGRIPULSE_SYNTHETIC_MODEL_B,1,182
MR00183,MKT0183,Ahmednagar Mandi 03,Ahmednagar Mandi 03,Regulated Market,MH-D01,Ahmednagar,MH,Maharashtra,27.81,72.24,True,2024-01-01,AGRIPULSE_SYNTHETIC_MODEL_B,1,183
MR00184,MKT0184,Ahmednagar Mandi 04,Ahmednagar Mandi 04,Sub Yard,MH-D01,Ahmednagar,MH,Maharashtra,27.88,72.32,True,2024-01-01,AGRIPULSE_SYNTHETIC_MODEL_B,1,184
MR00185,MKT0185,Ahmednagar Mandi 05,Ahmednagar Mkt. 05,APMC Main Yard,MH-D01,Ahmednagar,MH,Maharashtra,27.95,72.4,True,2024-01-01,AGRIPULSE_SYNTHETIC_MODEL_B,1,185
MR00186,MKT0186,Ahmednagar Mandi 06,Ahmednagar Mandi 06,Regulated Market,MH-D01,Ahmednagar,MH,Maharashtra,28.02,72.48,True,2024-01-01,AGRIPULSE_SYNTHETIC_MODEL_B,1,186
MR00187,MKT0187,Ahmednagar Mandi 07, AHMEDNAGAR MANDI 07 ,Sub Yard,MH-D01,Ahmednagar,MH,Maharashtra,28.09,72.56,True,2024-01-01,AGRIPULSE_SYNTHETIC_MODEL_B,1,187
MR00188,MKT0188,Ahmednagar Mandi 08,Ahmednagar Mandi 08,APMC Main Yard,MH-D01,Ahmednagar,MH,Maharashtra,28.16,72.64,True,2024-01-01,AGRIPULSE_SYNTHETIC_MODEL_B,1,188
MR00189,MKT0189,Ahmednagar Mandi 09,Ahmednagar Mandi 09,Regulated Market,MH-D01,Ahmednagar,MH,Maharashtra,28.23,72.72,True,2024-01-01,AGRIPULSE_SYNTHETIC_MODEL_B,1,189
MR00190,MKT0190,Ahmednagar Mandi 10,Ahmednagar Mkt. 10,Sub Yard,MH-D01,Ahmednagar,MH,Maharashtra,28.3,72.8,True,2024-01-01,AGRIPULSE_SYNTHETIC_MODEL_B,1,190
MR00191,MKT0191,Jalgaon Mandi 01,Jalgaon Mandi 01,APMC Main Yard,MH-D02,Jalgaon,MH,Maharashtra,28.37,72.88,True,2024-01-01,AGRIPULSE_SYNTHETIC_MODEL_B,1,191
MR00192,MKT0192,Jalgaon Mandi 02,Jalgaon Mandi 02,Regulated Market,MH-D02,Jalgaon,MH,Maharashtra,28.44,72.96,True,2024-01-01,AGRIPULSE_SYNTHETIC_MODEL_B,1,192
MR00193,MKT0193,Jalgaon Mandi 03,Jalgaon Mandi 03,Sub Yard,MH-D02,Jalgaon,MH,Maharashtra,28.51,73.04,True,2024-01-01,AGRIPULSE_SYNTHETIC_MODEL_B,1,193
MR00194,MKT0194,Jalgaon Mandi 04,Jalgaon Mandi 04,APMC Main Yard,MH-D02,Jalgaon,MH,Maharashtra,28.58,73.12,True,2024-01-01,AGRIPULSE_SYNTHETIC_MODEL_B,1,194
MR00195,MKT0195,Jalgaon Mandi 05,Jalgaon Mkt. 05,Regulated Market,MH-D02,Jalgaon,MH,Maharashtra,28.65,73.2,True,2024-01-01,AGRIPULSE_SYNTHETIC_MODEL_B,1,195
MR00196,MKT0196,Jalgaon Mandi 06,Jalgaon Mandi 06,Sub Yard,MH-D02,Jalgaon,MH,Maharashtra,28.72,73.28,True,2024-01-01,AGRIPULSE_SYNTHETIC_MODEL_B,1,196
MR00197,MKT0197,Jalgaon Mandi 07, JALGAON MANDI 07 ,APMC Main Yard,MH-D02,Jalgaon,MH,Maharashtra,28.79,73.36,True,2024-01-01,AGRIPULSE_SYNTHETIC_MODEL_B,1,197
MR00198,MKT0198,Jalgaon Mandi 08,Jalgaon Mandi 08,Regulated Market,MH-D02,Jalgaon,MH,Maharashtra,28.86,73.44,True,2024-01-01,AGRIPULSE_SYNTHETIC_MODEL_B,1,198
MR00199,MKT0199,Jalgaon Mandi 09,Jalgaon Mandi 09,Sub Yard,MH-D02,Jalgaon,MH,Maharashtra,28.93,73.52,True,2024-01-01,AGRIPULSE_SYNTHETIC_MODEL_B,1,199
MR00200,MKT0200,Jalgaon Mandi 10,Jalgaon Mkt. 10,APMC Main Yard,MH-D02,Jalgaon,MH,Maharashtra,15.0,73.6,True,2024-01-01,AGRIPULSE_SYNTHETIC_MODEL_B,1,200
MR00201,MKT0201,Kolhapur Mandi 01,Kolhapur Mandi 01,Regulated Market,MH-D03,Kolhapur,MH,Maharashtra,15.07,73.68,True,2024-01-01,AGRIPULSE_SYNTHETIC_MODEL_B,1,201
MR00202,MKT0202,Kolhapur Mandi 02,Kolhapur Mandi 02,Sub Yard,MH-D03,Kolhapur,MH,Maharashtra,15.14,73.76,True,2024-01-01,AGRIPULSE_SYNTHETIC_MODEL_B,1,202
MR00203,MKT0203,Kolhapur Mandi 03,Kolhapur Mandi 03,APMC Main Yard,MH-D03,Kolhapur,MH,Maharashtra,15.21,73.84,True,2024-01-01,AGRIPULSE_SYNTHETIC_MODEL_B,1,203
MR00204,MKT0204,Kolhapur Mandi 04,Kolhapur Mandi 04,Regulated Market,MH-D03,Kolhapur,MH,Maharashtra,15.28,73.92,True,2024-01-01,AGRIPULSE_SYNTHETIC_MODEL_B,1,204
MR00205,MKT0205,Kolhapur Mandi 05,Kolhapur Mkt. 05,Sub Yard,MH-D03,Kolhapur,MH,Maharashtra,15.35,74.0,True,2024-01-01,AGRIPULSE_SYNTHETIC_MODEL_B,1,205
MR00206,MKT0206,Kolhapur Mandi 06,Kolhapur Mandi 06,APMC Main Yard,MH-D03,Kolhapur,MH,Maharashtra,15.42,74.08,True,2024-01-01,AGRIPULSE_SYNTHETIC_MODEL_B,1,206
MR00207,MKT0207,Kolhapur Mandi 07, KOLHAPUR MANDI 07 ,Regulated Market,MH-D03,Kolhapur,MH,Maharashtra,15.49,74.16,True,2024-01-01,AGRIPULSE_SYNTHETIC_MODEL_B,1,207
MR00208,MKT0208,Kolhapur Mandi 08,Kolhapur Mandi 08,Sub Yard,MH-D03,Kolhapur,MH,Maharashtra,15.56,74.24,True,2024-01-01,AGRIPULSE_SYNTHETIC_MODEL_B,1,208
MR00209,MKT0209,Kolhapur Mandi 09,Kolhapur Mandi 09,APMC Main Yard,MH-D03,Kolhapur,MH,Maharashtra,15.63,74.32,True,2024-01-01,AGRIPULSE_SYNTHETIC_MODEL_B,1,209
MR00210,MKT0210,Kolhapur Mandi 10,Kolhapur Mkt. 10,Regulated Market,MH-D03,Kolhapur,MH,Maharashtra,15.7,74.4,True,2024-01-01,AGRIPULSE_SYNTHETIC_MODEL_B,1,210
MR00211,MKT0211,Nagpur Mandi 01,Nagpur Mandi 01,Sub Yard,MH-D04,Nagpur,MH,Maharashtra,15.77,74.48,True,2024-01-01,AGRIPULSE_SYNTHETIC_MODEL_B,1,211
MR00212,MKT0212,Nagpur Mandi 02,Nagpur Mandi 02,APMC Main Yard,MH-D04,Nagpur,MH,Maharashtra,15.84,74.56,True,2024-01-01,AGRIPULSE_SYNTHETIC_MODEL_B,1,212
MR00213,MKT0213,Nagpur Mandi 03,Nagpur Mandi 03,Regulated Market,MH-D04,Nagpur,MH,Maharashtra,15.91,74.64,True,2024-01-01,AGRIPULSE_SYNTHETIC_MODEL_B,1,213
MR00214,MKT0214,Nagpur Mandi 04,Nagpur Mandi 04,Sub Yard,MH-D04,Nagpur,MH,Maharashtra,15.98,74.72,True,2024-01-01,AGRIPULSE_SYNTHETIC_MODEL_B,1,214
MR00215,MKT0215,Nagpur Mandi 05,Nagpur Mkt. 05,APMC Main Yard,MH-D04,Nagpur,MH,Maharashtra,16.05,74.8,True,2024-01-01,AGRIPULSE_SYNTHETIC_MODEL_B,1,215
MR00216,MKT0216,Nagpur Mandi 06,Nagpur Mandi 06,Regulated Market,MH-D04,Nagpur,MH,Maharashtra,16.12,74.88,True,2024-01-01,AGRIPULSE_SYNTHETIC_MODEL_B,1,216
MR00217,MKT0217,Nagpur Mandi 07, NAGPUR MANDI 07 ,Sub Yard,MH-D04,Nagpur,MH,Maharashtra,16.19,74.96,True,2024-01-01,AGRIPULSE_SYNTHETIC_MODEL_B,1,217
MR00218,MKT0218,Nagpur Mandi 08,Nagpur Mandi 08,APMC Main Yard,MH-D04,Nagpur,MH,Maharashtra,16.26,75.04,True,2024-01-01,AGRIPULSE_SYNTHETIC_MODEL_B,1,218
MR00219,MKT0219,Nagpur Mandi 09,Nagpur Mandi 09,Regulated Market,MH-D04,Nagpur,MH,Maharashtra,16.33,75.12,True,2024-01-01,AGRIPULSE_SYNTHETIC_MODEL_B,1,219
MR00220,MKT0220,Nagpur Mandi 10,Nagpur Mkt. 10,Sub Yard,MH-D04,Nagpur,MH,Maharashtra,16.4,75.2,True,2024-01-01,AGRIPULSE_SYNTHETIC_MODEL_B,1,220
MR00221,MKT0221,Nashik Mandi 01,Nashik Mandi 01,APMC Main Yard,MH-D05,Nashik,MH,Maharashtra,16.47,75.28,True,2024-01-01,AGRIPULSE_SYNTHETIC_MODEL_B,1,221
MR00222,MKT0222,Nashik Mandi 02,Nashik Mandi 02,Regulated Market,MH-D05,Nashik,MH,Maharashtra,16.54,75.36,True,2024-01-01,AGRIPULSE_SYNTHETIC_MODEL_B,1,222
MR00223,MKT0223,Nashik Mandi 03,Nashik Mandi 03,Sub Yard,MH-D05,Nashik,MH,Maharashtra,16.61,75.44,True,2024-01-01,AGRIPULSE_SYNTHETIC_MODEL_B,1,223
MR00224,MKT0224,Nashik Mandi 04,Nashik Mandi 04,APMC Main Yard,MH-D05,Nashik,MH,Maharashtra,16.68,75.52,True,2024-01-01,AGRIPULSE_SYNTHETIC_MODEL_B,1,224
MR00225,MKT0225,Nashik Mandi 05,Nashik Mkt. 05,Regulated Market,MH-D05,Nashik,MH,Maharashtra,16.75,75.6,True,2024-01-01,AGRIPULSE_SYNTHETIC_MODEL_B,1,225
MR00226,MKT0226,Nashik Mandi 06,Nashik Mandi 06,Sub Yard,MH-D05,Nashik,MH,Maharashtra,16.82,75.68,True,2024-01-01,AGRIPULSE_SYNTHETIC_MODEL_B,1,226
MR00227,MKT0227,Nashik Mandi 07, NASHIK MANDI 07 ,APMC Main Yard,MH-D05,Nashik,MH,Maharashtra,16.89,75.76,True,2024-01-01,AGRIPULSE_SYNTHETIC_MODEL_B,1,227
MR00228,MKT0228,Nashik Mandi 08,Nashik Mandi 08,Regulated Market,MH-D05,Nashik,MH,Maharashtra,16.96,75.84,True,2024-01-01,AGRIPULSE_SYNTHETIC_MODEL_B,1,228
MR00229,MKT0229,Nashik Mandi 09,Nashik Mandi 09,Sub Yard,MH-D05,Nashik,MH,Maharashtra,17.03,75.92,True,2024-01-01,AGRIPULSE_SYNTHETIC_MODEL_B,1,229
MR00230,MKT0230,Nashik Mandi 10,Nashik Mkt. 10,APMC Main Yard,MH-D05,Nashik,MH,Maharashtra,17.1,76.0,True,2024-01-01,AGRIPULSE_SYNTHETIC_MODEL_B,1,230
MR00231,MKT0231,Pune Mandi 01,Pune Mandi 01,Regulated Market,MH-D06,Pune,MH,Maharashtra,17.17,76.08,True,2024-01-01,AGRIPULSE_SYNTHETIC_MODEL_B,1,231
MR00232,MKT0232,Pune Mandi 02,Pune Mandi 02,Sub Yard,MH-D06,Pune,MH,Maharashtra,17.24,76.16,True,2024-01-01,AGRIPULSE_SYNTHETIC_MODEL_B,1,232
MR00233,MKT0233,Pune Mandi 03,Pune Mandi 03,APMC Main Yard,MH-D06,Pune,MH,Maharashtra,17.31,76.24,True,2024-01-01,AGRIPULSE_SYNTHETIC_MODEL_B,1,233
MR00234,MKT0234,Pune Mandi 04,Pune Mandi 04,Regulated Market,MH-D06,Pune,MH,Maharashtra,17.38,76.32,True,2024-01-01,AGRIPULSE_SYNTHETIC_MODEL_B,1,234
MR00235,MKT0235,Pune Mandi 05,Pune Mkt. 05,Sub Yard,MH-D06,Pune,MH,Maharashtra,17.45,76.4,True,2024-01-01,AGRIPULSE_SYNTHETIC_MODEL_B,1,235
MR00236,MKT0236,Pune Mandi 06,Pune Mandi 06,APMC Main Yard,MH-D06,Pune,MH,Maharashtra,17.52,76.48,True,2024-01-01,AGRIPULSE_SYNTHETIC_MODEL_B,1,236
MR00237,MKT0237,Pune Mandi 07, PUNE MANDI 07 ,Regulated Market,MH-D06,Pune,MH,Maharashtra,17.59,76.56,True,2024-01-01,AGRIPULSE_SYNTHETIC_MODEL_B,1,237
MR00238,MKT0238,Pune Mandi 08,Pune Mandi 08,Sub Yard,MH-D06,Pune,MH,Maharashtra,17.66,76.64,True,2024-01-01,AGRIPULSE_SYNTHETIC_MODEL_B,1,238
MR00239,MKT0239,Pune Mandi 09,Pune Mandi 09,APMC Main Yard,MH-D06,Pune,MH,Maharashtra,17.73,76.72,True,2024-01-01,AGRIPULSE_SYNTHETIC_MODEL_B,1,239
MR00240,MKT0240,Pune Mandi 10,Pune Mkt. 10,Regulated Market,MH-D06,Pune,MH,Maharashtra,17.8,76.8,True,2024-01-01,AGRIPULSE_SYNTHETIC_MODEL_B,1,240
MR00241,MKT0241,Coimbatore Mandi 01,Coimbatore Mandi 01,Sub Yard,TN-D01,Coimbatore,TN,Tamil Nadu,17.87,76.88,True,2024-01-01,AGRIPULSE_SYNTHETIC_MODEL_B,1,241
MR00242,MKT0242,Coimbatore Mandi 02,Coimbatore Mandi 02,APMC Main Yard,TN-D01,Coimbatore,TN,Tamil Nadu,17.94,76.96,True,2024-01-01,AGRIPULSE_SYNTHETIC_MODEL_B,1,242
MR00243,MKT0243,Coimbatore Mandi 03,Coimbatore Mandi 03,Regulated Market,,Coimbatore,TN,Tamil Nadu,18.01,77.04,True,2024-01-01,AGRIPULSE_SYNTHETIC_MODEL_B,1,243
MR00244,MKT0244,Coimbatore Mandi 04,Coimbatore Mandi 04,Sub Yard,TN-D01,Coimbatore,TN,Tamil Nadu,18.08,77.12,True,2024-01-01,AGRIPULSE_SYNTHETIC_MODEL_B,1,244
MR00245,MKT0245,Coimbatore Mandi 05,Coimbatore Mkt. 05,APMC Main Yard,TN-D01,Coimbatore,TN,Tamil Nadu,18.15,77.2,True,2024-01-01,AGRIPULSE_SYNTHETIC_MODEL_B,1,245
MR00246,MKT0246,Coimbatore Mandi 06,Coimbatore Mandi 06,Regulated Market,TN-D01,Coimbatore,TN,Tamil Nadu,18.22,77.28,True,2024-01-01,AGRIPULSE_SYNTHETIC_MODEL_B,1,246
MR00247,MKT0247,Coimbatore Mandi 07, COIMBATORE MANDI 07 ,Sub Yard,TN-D01,Coimbatore,TN,Tamil Nadu,18.29,77.36,True,2024-01-01,AGRIPULSE_SYNTHETIC_MODEL_B,1,247
MR00248,MKT0248,Coimbatore Mandi 08,Coimbatore Mandi 08,APMC Main Yard,TN-D01,Coimbatore,TN,Tamil Nadu,18.36,77.44,True,2024-01-01,AGRIPULSE_SYNTHETIC_MODEL_B,1,248
MR00249,MKT0249,Coimbatore Mandi 09,Coimbatore Mandi 09,Regulated Market,TN-D01,Coimbatore,TN,Tamil Nadu,18.43,77.52,True,2024-01-01,AGRIPULSE_SYNTHETIC_MODEL_B,1,249
MR00250,MKT0250,Coimbatore Mandi 10,Coimbatore Mkt. 10,Sub Yard,TN-D01,Coimbatore,TN,Tamil Nadu,18.5,77.6,True,2024-01-01,AGRIPULSE_SYNTHETIC_MODEL_B,1,250
MR00251,MKT0251,Dindigul Mandi 01,Dindigul Mandi 01,APMC Main Yard,TN-D02,Dindigul,TN,Tamil Nadu,18.57,77.68,True,2024-01-01,AGRIPULSE_SYNTHETIC_MODEL_B,1,251
MR00252,MKT0252,Dindigul Mandi 02,Dindigul Mandi 02,Regulated Market,TN-D02,Dindigul,TN,Tamil Nadu,18.64,77.76,True,2024-01-01,AGRIPULSE_SYNTHETIC_MODEL_B,1,252
MR00253,MKT0253,Dindigul Mandi 03,Dindigul Mandi 03,Sub Yard,TN-D02,Dindigul,TN,Tamil Nadu,18.71,77.84,True,2024-01-01,AGRIPULSE_SYNTHETIC_MODEL_B,1,253
MR00254,MKT0254,Dindigul Mandi 04,Dindigul Mandi 04,APMC Main Yard,TN-D02,Dindigul,TN,Tamil Nadu,18.78,77.92,True,2024-01-01,AGRIPULSE_SYNTHETIC_MODEL_B,1,254
MR00255,MKT0255,Dindigul Mandi 05,Dindigul Mkt. 05,Regulated Market,TN-D02,Dindigul,TN,Tamil Nadu,18.85,78.0,True,2024-01-01,AGRIPULSE_SYNTHETIC_MODEL_B,1,255
MR00256,MKT0256,Dindigul Mandi 06,Dindigul Mandi 06,Sub Yard,TN-D02,Dindigul,TN,Tamil Nadu,18.92,78.08,True,2024-01-01,AGRIPULSE_SYNTHETIC_MODEL_B,1,256
MR00257,MKT0257,Dindigul Mandi 07, DINDIGUL MANDI 07 ,APMC Main Yard,TN-D02,Dindigul,TN,Tamil Nadu,18.99,78.16,True,2024-01-01,AGRIPULSE_SYNTHETIC_MODEL_B,1,257
MR00258,MKT0258,Dindigul Mandi 08,Dindigul Mandi 08,Regulated Market,TN-D02,Dindigul,TN,Tamil Nadu,19.06,78.24,True,2024-01-01,AGRIPULSE_SYNTHETIC_MODEL_B,1,258
MR00259,MKT0259,Dindigul Mandi 09,Dindigul Mandi 09,Sub Yard,TN-D02,Dindigul,TN,Tamil Nadu,19.13,78.32,True,2024-01-01,AGRIPULSE_SYNTHETIC_MODEL_B,1,259
MR00260,MKT0260,Dindigul Mandi 10,Dindigul Mkt. 10,APMC Main Yard,TN-D02,Dindigul,TN,Tamil Nadu,19.2,78.4,True,2024-01-01,AGRIPULSE_SYNTHETIC_MODEL_B,1,260
MR00261,MKT0261,Erode Mandi 01,Erode Mandi 01,Regulated Market,TN-D03,Erode,TN,Tamil Nadu,19.27,78.48,True,2024-01-01,AGRIPULSE_SYNTHETIC_MODEL_B,1,261
MR00262,MKT0262,Erode Mandi 02,Erode Mandi 02,Sub Yard,TN-D03,Erode,TN,Tamil Nadu,19.34,78.56,True,2024-01-01,AGRIPULSE_SYNTHETIC_MODEL_B,1,262
MR00263,MKT0263,Erode Mandi 03,Erode Mandi 03,APMC Main Yard,TN-D03,Erode,TN,Tamil Nadu,19.41,78.64,True,2024-01-01,AGRIPULSE_SYNTHETIC_MODEL_B,1,263
MR00264,MKT0264,Erode Mandi 04,Erode Mandi 04,Regulated Market,TN-D03,Erode,TN,Tamil Nadu,19.48,78.72,True,2024-01-01,AGRIPULSE_SYNTHETIC_MODEL_B,1,264
MR00265,MKT0265,Erode Mandi 05,Erode Mkt. 05,Sub Yard,TN-D03,Erode,TN,Tamil Nadu,19.55,78.8,True,2024-01-01,AGRIPULSE_SYNTHETIC_MODEL_B,1,265
MR00266,MKT0266,Erode Mandi 06,Erode Mandi 06,APMC Main Yard,TN-D03,Erode,TN,Tamil Nadu,19.62,78.88,True,2024-01-01,AGRIPULSE_SYNTHETIC_MODEL_B,1,266
MR00267,MKT0267,Erode Mandi 07, ERODE MANDI 07 ,Regulated Market,TN-D03,Erode,TN,Tamil Nadu,19.69,78.96,True,2024-01-01,AGRIPULSE_SYNTHETIC_MODEL_B,1,267
MR00268,MKT0268,Erode Mandi 08,Erode Mandi 08,Sub Yard,TN-D03,Erode,TN,Tamil Nadu,19.76,79.04,True,2024-01-01,AGRIPULSE_SYNTHETIC_MODEL_B,1,268
MR00269,MKT0269,Erode Mandi 09,Erode Mandi 09,APMC Main Yard,TN-D03,Erode,TN,Tamil Nadu,19.83,79.12,True,2024-01-01,AGRIPULSE_SYNTHETIC_MODEL_B,1,269
MR00270,MKT0270,Erode Mandi 10,Erode Mkt. 10,Regulated Market,TN-D03,Erode,TN,Tamil Nadu,19.9,79.2,True,2024-01-01,AGRIPULSE_SYNTHETIC_MODEL_B,1,270
MR00271,MKT0271,Madurai Mandi 01,Madurai Mandi 01,Sub Yard,TN-D04,Madurai,TN,Tamil Nadu,19.97,79.28,True,2024-01-01,AGRIPULSE_SYNTHETIC_MODEL_B,1,271
MR00272,MKT0272,Madurai Mandi 02,Madurai Mandi 02,APMC Main Yard,TN-D04,Madurai,TN,Tamil Nadu,20.04,79.36,True,2024-01-01,AGRIPULSE_SYNTHETIC_MODEL_B,1,272
MR00273,MKT0273,Madurai Mandi 03,Madurai Mandi 03,Regulated Market,TN-D04,Madurai,TN,Tamil Nadu,20.11,79.44,True,2024-01-01,AGRIPULSE_SYNTHETIC_MODEL_B,1,273
MR00274,MKT0274,Madurai Mandi 04,Madurai Mandi 04,Sub Yard,TN-D04,Madurai,TN,Tamil Nadu,20.18,79.52,True,2024-01-01,AGRIPULSE_SYNTHETIC_MODEL_B,1,274
MR00275,MKT0275,Madurai Mandi 05,Madurai Mkt. 05,APMC Main Yard,TN-D04,Madurai,TN,Tamil Nadu,20.25,79.6,True,2024-01-01,AGRIPULSE_SYNTHETIC_MODEL_B,1,275
MR00276,MKT0276,Madurai Mandi 06,Madurai Mandi 06,Regulated Market,TN-D04,Madurai,TN,Tamil Nadu,20.32,79.68,True,2024-01-01,AGRIPULSE_SYNTHETIC_MODEL_B,1,276
MR00277,MKT0277,Madurai Mandi 07, MADURAI MANDI 07 ,Sub Yard,TN-D04,Madurai,TN,Tamil Nadu,20.39,79.76,True,2024-01-01,AGRIPULSE_SYNTHETIC_MODEL_B,1,277
MR00278,MKT0278,Madurai Mandi 08,Madurai Mandi 08,APMC Main Yard,TN-D04,Madurai,TN,Tamil Nadu,20.46,79.84,True,2024-01-01,AGRIPULSE_SYNTHETIC_MODEL_B,1,278
MR00279,MKT0279,Madurai Mandi 09,Madurai Mandi 09,Regulated Market,TN-D04,Madurai,TN,Tamil Nadu,20.53,79.92,True,2024-01-01,AGRIPULSE_SYNTHETIC_MODEL_B,1,279
MR00280,MKT0280,Madurai Mandi 10,Madurai Mkt. 10,Sub Yard,TN-D04,Madurai,TN,Tamil Nadu,20.6,80.0,True,2024-01-01,AGRIPULSE_SYNTHETIC_MODEL_B,1,280
MR00281,MKT0281,Salem Mandi 01,Salem Mandi 01,APMC Main Yard,TN-D05,Salem,TN,Tamil Nadu,20.67,80.08,True,2024-01-01,AGRIPULSE_SYNTHETIC_MODEL_B,1,281
MR00282,MKT0282,Salem Mandi 02,Salem Mandi 02,Regulated Market,TN-D05,Salem,TN,Tamil Nadu,20.74,80.16,True,2024-01-01,AGRIPULSE_SYNTHETIC_MODEL_B,1,282
MR00283,MKT0283,Salem Mandi 03,Salem Mandi 03,Sub Yard,TN-D05,Salem,TN,Tamil Nadu,20.81,80.24,True,2024-01-01,AGRIPULSE_SYNTHETIC_MODEL_B,1,283
MR00284,MKT0284,Salem Mandi 04,Salem Mandi 04,APMC Main Yard,TN-D05,Salem,TN,Tamil Nadu,20.88,80.32,True,2024-01-01,AGRIPULSE_SYNTHETIC_MODEL_B,1,284
MR00285,MKT0285,Salem Mandi 05,Salem Mkt. 05,Regulated Market,TN-D05,Salem,TN,Tamil Nadu,20.95,80.4,True,2024-01-01,AGRIPULSE_SYNTHETIC_MODEL_B,1,285
MR00286,MKT0286,Salem Mandi 06,Salem Mandi 06,Sub Yard,TN-D05,Salem,TN,Tamil Nadu,21.02,80.48,True,2024-01-01,AGRIPULSE_SYNTHETIC_MODEL_B,1,286
MR00287,MKT0287,Salem Mandi 07, SALEM MANDI 07 ,APMC Main Yard,TN-D05,Salem,TN,Tamil Nadu,21.09,80.56,True,2024-01-01,AGRIPULSE_SYNTHETIC_MODEL_B,1,287
MR00288,MKT0288,Salem Mandi 08,Salem Mandi 08,Regulated Market,TN-D05,Salem,TN,Tamil Nadu,21.16,80.64,True,2024-01-01,AGRIPULSE_SYNTHETIC_MODEL_B,1,288
MR00289,MKT0289,Salem Mandi 09,Salem Mandi 09,Sub Yard,TN-D05,Salem,TN,Tamil Nadu,21.23,80.72,True,2024-01-01,AGRIPULSE_SYNTHETIC_MODEL_B,1,289
MR00290,MKT0290,Salem Mandi 10,Salem Mkt. 10,APMC Main Yard,TN-D05,Salem,TN,Tamil Nadu,21.3,80.8,True,2024-01-01,AGRIPULSE_SYNTHETIC_MODEL_B,1,290
MR00291,MKT0291,Thanjavur Mandi 01,Thanjavur Mandi 01,Regulated Market,TN-D06,Thanjavur,TN,Tamil Nadu,21.37,80.88,True,2024-01-01,AGRIPULSE_SYNTHETIC_MODEL_B,1,291
MR00292,MKT0292,Thanjavur Mandi 02,Thanjavur Mandi 02,Sub Yard,TN-D06,Thanjavur,TN,Tamil Nadu,21.44,80.96,True,2024-01-01,AGRIPULSE_SYNTHETIC_MODEL_B,1,292
MR00293,MKT0293,Thanjavur Mandi 03,Thanjavur Mandi 03,APMC Main Yard,TN-D06,Thanjavur,TN,Tamil Nadu,21.51,81.04,True,2024-01-01,AGRIPULSE_SYNTHETIC_MODEL_B,1,293
MR00294,MKT0294,Thanjavur Mandi 04,Thanjavur Mandi 04,Regulated Market,TN-D06,Thanjavur,TN,Tamil Nadu,21.58,81.12,True,2024-01-01,AGRIPULSE_SYNTHETIC_MODEL_B,1,294
MR00295,MKT0295,Thanjavur Mandi 05,Thanjavur Mkt. 05,Sub Yard,TN-D06,Thanjavur,TN,Tamil Nadu,21.65,81.2,True,2024-01-01,AGRIPULSE_SYNTHETIC_MODEL_B,1,295
MR00296,MKT0296,Thanjavur Mandi 06,Thanjavur Mandi 06,APMC Main Yard,TN-D06,Thanjavur,TN,Tamil Nadu,21.72,81.28,True,2024-01-01,AGRIPULSE_SYNTHETIC_MODEL_B,1,296
MR00297,MKT0297,Thanjavur Mandi 07, THANJAVUR MANDI 07 ,Regulated Market,TN-D06,Thanjavur,TN,Tamil Nadu,21.79,81.36,True,2024-01-01,AGRIPULSE_SYNTHETIC_MODEL_B,1,297
MR00298,MKT0298,Thanjavur Mandi 08,Thanjavur Mandi 08,Sub Yard,TN-D06,Thanjavur,TN,Tamil Nadu,21.86,81.44,True,2024-01-01,AGRIPULSE_SYNTHETIC_MODEL_B,1,298
MR00299,MKT0299,Thanjavur Mandi 09,Thanjavur Mandi 09,APMC Main Yard,TN-D06,Thanjavur,TN,Tamil Nadu,21.93,81.52,True,2024-01-01,AGRIPULSE_SYNTHETIC_MODEL_B,1,299
MR00300,MKT0300,Thanjavur Mandi 10,Thanjavur Mkt. 10,Regulated Market,TN-D06,Thanjavur,TN,Tamil Nadu,22.0,81.6,True,2024-01-01,AGRIPULSE_SYNTHETIC_MODEL_B,1,300
MR00301,MKT0301,Bhopal Mandi 01,Bhopal Mandi 01,Sub Yard,MP-D01,Bhopal,MP,Madhya Pradesh,22.07,81.68,True,2024-01-01,AGRIPULSE_SYNTHETIC_MODEL_B,1,301
MR00302,MKT0302,Bhopal Mandi 02,Bhopal Mandi 02,APMC Main Yard,MP-D01,Bhopal,MP,Madhya Pradesh,22.14,81.76,True,2024-01-01,AGRIPULSE_SYNTHETIC_MODEL_B,1,302
MR00303,MKT0303,Bhopal Mandi 03,Bhopal Mandi 03,Regulated Market,MP-D01,Bhopal,MP,Madhya Pradesh,22.21,81.84,True,2024-01-01,AGRIPULSE_SYNTHETIC_MODEL_B,1,303
MR00304,MKT0304,Bhopal Mandi 04,Bhopal Mandi 04,Sub Yard,MP-D01,Bhopal,MP,Madhya Pradesh,22.28,81.92,True,2024-01-01,AGRIPULSE_SYNTHETIC_MODEL_B,1,304
MR00305,MKT0305,Bhopal Mandi 05,Bhopal Mkt. 05,APMC Main Yard,MP-D01,Bhopal,MP,Madhya Pradesh,22.35,82.0,True,2024-01-01,AGRIPULSE_SYNTHETIC_MODEL_B,1,305
MR00306,MKT0306,Bhopal Mandi 06,Bhopal Mandi 06,Regulated Market,MP-D01,Bhopal,MP,Madhya Pradesh,22.42,82.08,True,2024-01-01,AGRIPULSE_SYNTHETIC_MODEL_B,1,306
MR00307,MKT0307,Bhopal Mandi 07, BHOPAL MANDI 07 ,Sub Yard,MP-D01,Bhopal,MP,Madhya Pradesh,22.49,82.16,True,2024-01-01,AGRIPULSE_SYNTHETIC_MODEL_B,1,307
MR00308,MKT0308,Bhopal Mandi 08,Bhopal Mandi 08,APMC Main Yard,MP-D01,Bhopal,MP,Madhya Pradesh,22.56,82.24,True,2024-01-01,AGRIPULSE_SYNTHETIC_MODEL_B,1,308
MR00309,MKT0309,Bhopal Mandi 09,Bhopal Mandi 09,Regulated Market,MP-D01,Bhopal,MP,Madhya Pradesh,22.63,82.32,True,2024-01-01,AGRIPULSE_SYNTHETIC_MODEL_B,1,309
MR00310,MKT0310,Bhopal Mandi 10,Bhopal Mkt. 10,Sub Yard,MP-D01,Bhopal,MP,Madhya Pradesh,22.7,82.4,True,2024-01-01,AGRIPULSE_SYNTHETIC_MODEL_B,1,310
MR00311,MKT0311,Dewas Mandi 01,Dewas Mandi 01,APMC Main Yard,MP-D02,Dewas,MP,Madhya Pradesh,22.77,82.48,True,2024-01-01,AGRIPULSE_SYNTHETIC_MODEL_B,1,311
MR00312,MKT0312,Dewas Mandi 02,Dewas Mandi 02,Regulated Market,MP-D02,Dewas,MP,Madhya Pradesh,22.84,82.56,True,2024-01-01,AGRIPULSE_SYNTHETIC_MODEL_B,1,312
MR00313,MKT0313,Dewas Mandi 03,Dewas Mandi 03,Sub Yard,MP-D02,Dewas,MP,Madhya Pradesh,22.91,82.64,True,2024-01-01,AGRIPULSE_SYNTHETIC_MODEL_B,1,313
MR00314,MKT0314,Dewas Mandi 04,Dewas Mandi 04,APMC Main Yard,MP-D02,Dewas,MP,Madhya Pradesh,22.98,82.72,True,2024-01-01,AGRIPULSE_SYNTHETIC_MODEL_B,1,314
MR00315,MKT0315,Dewas Mandi 05,Dewas Mkt. 05,Regulated Market,MP-D02,Dewas,MP,Madhya Pradesh,23.05,82.8,True,2024-01-01,AGRIPULSE_SYNTHETIC_MODEL_B,1,315
MR00316,MKT0316,Dewas Mandi 06,Dewas Mandi 06,Sub Yard,,Dewas,MP,Madhya Pradesh,23.12,82.88,True,2024-01-01,AGRIPULSE_SYNTHETIC_MODEL_B,1,316
MR00317,MKT0317,Dewas Mandi 07, DEWAS MANDI 07 ,APMC Main Yard,MP-D02,Dewas,MP,Madhya Pradesh,23.19,82.96,True,2024-01-01,AGRIPULSE_SYNTHETIC_MODEL_B,1,317
MR00318,MKT0318,Dewas Mandi 08,Dewas Mandi 08,Regulated Market,MP-D02,Dewas,MP,Madhya Pradesh,23.26,83.04,True,2024-01-01,AGRIPULSE_SYNTHETIC_MODEL_B,1,318
MR00319,MKT0319,Dewas Mandi 09,Dewas Mandi 09,Sub Yard,MP-D02,Dewas,MP,Madhya Pradesh,23.33,83.12,True,2024-01-01,AGRIPULSE_SYNTHETIC_MODEL_B,1,319
MR00320,MKT0320,Dewas Mandi 10,Dewas Mkt. 10,APMC Main Yard,MP-D02,Dewas,MP,Madhya Pradesh,23.4,83.2,True,2024-01-01,AGRIPULSE_SYNTHETIC_MODEL_B,1,320
MR00321,MKT0321,Indore Mandi 01,Indore Mandi 01,Regulated Market,MP-D03,Indore,MP,Madhya Pradesh,23.47,83.28,True,2024-01-01,AGRIPULSE_SYNTHETIC_MODEL_B,1,321
MR00322,MKT0322,Indore Mandi 02,Indore Mandi 02,Sub Yard,MP-D03,Indore,MP,Madhya Pradesh,23.54,83.36,True,2024-01-01,AGRIPULSE_SYNTHETIC_MODEL_B,1,322
MR00323,MKT0323,Indore Mandi 03,Indore Mandi 03,APMC Main Yard,MP-D03,Indore,MP,Madhya Pradesh,23.61,83.44,True,2024-01-01,AGRIPULSE_SYNTHETIC_MODEL_B,1,323
MR00324,MKT0324,Indore Mandi 04,Indore Mandi 04,Regulated Market,MP-D03,Indore,MP,Madhya Pradesh,23.68,83.52,True,2024-01-01,AGRIPULSE_SYNTHETIC_MODEL_B,1,324
MR00325,MKT0325,Indore Mandi 05,Indore Mkt. 05,Sub Yard,MP-D03,Indore,MP,Madhya Pradesh,23.75,83.6,True,2024-01-01,AGRIPULSE_SYNTHETIC_MODEL_B,1,325
MR00326,MKT0326,Indore Mandi 06,Indore Mandi 06,APMC Main Yard,MP-D03,Indore,MP,Madhya Pradesh,23.82,83.68,True,2024-01-01,AGRIPULSE_SYNTHETIC_MODEL_B,1,326
MR00327,MKT0327,Indore Mandi 07, INDORE MANDI 07 ,Regulated Market,,Indore,MP,Madhya Pradesh,23.89,83.76,True,2024-01-01,AGRIPULSE_SYNTHETIC_MODEL_B,1,327
MR00328,MKT0328,Indore Mandi 08,Indore Mandi 08,Sub Yard,MP-D03,Indore,MP,Madhya Pradesh,23.96,83.84,True,2024-01-01,AGRIPULSE_SYNTHETIC_MODEL_B,1,328
MR00329,MKT0329,Indore Mandi 09,Indore Mandi 09,APMC Main Yard,MP-D03,Indore,MP,Madhya Pradesh,24.03,83.92,True,2024-01-01,AGRIPULSE_SYNTHETIC_MODEL_B,1,329
MR00330,MKT0330,Indore Mandi 10,Indore Mkt. 10,Regulated Market,MP-D03,Indore,MP,Madhya Pradesh,24.1,84.0,True,2024-01-01,AGRIPULSE_SYNTHETIC_MODEL_B,1,330
MR00331,MKT0331,Jabalpur Mandi 01,Jabalpur Mandi 01,Sub Yard,MP-D04,Jabalpur,MP,Madhya Pradesh,24.17,84.08,True,2024-01-01,AGRIPULSE_SYNTHETIC_MODEL_B,1,331
MR00332,MKT0332,Jabalpur Mandi 02,Jabalpur Mandi 02,APMC Main Yard,MP-D04,Jabalpur,MP,Madhya Pradesh,24.24,84.16,True,2024-01-01,AGRIPULSE_SYNTHETIC_MODEL_B,1,332
MR00333,MKT0333,Jabalpur Mandi 03,Jabalpur Mandi 03,Regulated Market,MP-D04,Jabalpur,MP,Madhya Pradesh,24.31,84.24,True,2024-01-01,AGRIPULSE_SYNTHETIC_MODEL_B,1,333
MR00334,MKT0334,Jabalpur Mandi 04,Jabalpur Mandi 04,Sub Yard,MP-D04,Jabalpur,MP,Madhya Pradesh,24.38,84.32,True,2024-01-01,AGRIPULSE_SYNTHETIC_MODEL_B,1,334
MR00335,MKT0335,Jabalpur Mandi 05,Jabalpur Mkt. 05,APMC Main Yard,MP-D04,Jabalpur,MP,Madhya Pradesh,24.45,84.4,True,2024-01-01,AGRIPULSE_SYNTHETIC_MODEL_B,1,335
MR00336,MKT0336,Jabalpur Mandi 06,Jabalpur Mandi 06,Regulated Market,MP-D04,Jabalpur,MP,Madhya Pradesh,24.52,84.48,True,2024-01-01,AGRIPULSE_SYNTHETIC_MODEL_B,1,336
MR00337,MKT0337,Jabalpur Mandi 07, JABALPUR MANDI 07 ,Sub Yard,MP-D04,Jabalpur,MP,Madhya Pradesh,24.59,84.56,True,2024-01-01,AGRIPULSE_SYNTHETIC_MODEL_B,1,337
MR00338,MKT0338,Jabalpur Mandi 08,Jabalpur Mandi 08,APMC Main Yard,MP-D04,Jabalpur,MP,Madhya Pradesh,24.66,84.64,True,2024-01-01,AGRIPULSE_SYNTHETIC_MODEL_B,1,338
MR00339,MKT0339,Jabalpur Mandi 09,Jabalpur Mandi 09,Regulated Market,MP-D04,Jabalpur,MP,Madhya Pradesh,24.73,84.72,True,2024-01-01,AGRIPULSE_SYNTHETIC_MODEL_B,1,339
MR00340,MKT0340,Jabalpur Mandi 10,Jabalpur Mkt. 10,Sub Yard,MP-D04,Jabalpur,MP,Madhya Pradesh,24.8,84.8,True,2024-01-01,AGRIPULSE_SYNTHETIC_MODEL_B,1,340
MR00341,MKT0341,Mandsaur Mandi 01,Mandsaur Mandi 01,APMC Main Yard,MP-D05,Mandsaur,MP,Madhya Pradesh,24.87,84.88,True,2024-01-01,AGRIPULSE_SYNTHETIC_MODEL_B,1,341
MR00342,MKT0342,Mandsaur Mandi 02,Mandsaur Mandi 02,Regulated Market,MP-D05,Mandsaur,MP,Madhya Pradesh,24.94,84.96,True,2024-01-01,AGRIPULSE_SYNTHETIC_MODEL_B,1,342
MR00343,MKT0343,Mandsaur Mandi 03,Mandsaur Mandi 03,Sub Yard,MP-D05,Mandsaur,MP,Madhya Pradesh,25.01,85.04,True,2024-01-01,AGRIPULSE_SYNTHETIC_MODEL_B,1,343
MR00344,MKT0344,Mandsaur Mandi 04,Mandsaur Mandi 04,APMC Main Yard,MP-D05,Mandsaur,MP,Madhya Pradesh,25.08,85.12,True,2024-01-01,AGRIPULSE_SYNTHETIC_MODEL_B,1,344
MR00345,MKT0345,Mandsaur Mandi 05,Mandsaur Mkt. 05,Regulated Market,MP-D05,Mandsaur,MP,Madhya Pradesh,25.15,85.2,True,2024-01-01,AGRIPULSE_SYNTHETIC_MODEL_B,1,345
MR00346,MKT0346,Mandsaur Mandi 06,Mandsaur Mandi 06,Sub Yard,MP-D05,Mandsaur,MP,Madhya Pradesh,25.22,85.28,True,2024-01-01,AGRIPULSE_SYNTHETIC_MODEL_B,1,346
MR00347,MKT0347,Mandsaur Mandi 07, MANDSAUR MANDI 07 ,APMC Main Yard,MP-D05,Mandsaur,MP,Madhya Pradesh,25.29,85.36,True,2024-01-01,AGRIPULSE_SYNTHETIC_MODEL_B,1,347
MR00348,MKT0348,Mandsaur Mandi 08,Mandsaur Mandi 08,Regulated Market,MP-D05,Mandsaur,MP,Madhya Pradesh,25.36,85.44,True,2024-01-01,AGRIPULSE_SYNTHETIC_MODEL_B,1,348
MR00349,MKT0349,Mandsaur Mandi 09,Mandsaur Mandi 09,Sub Yard,MP-D05,Mandsaur,MP,Madhya Pradesh,25.43,85.52,True,2024-01-01,AGRIPULSE_SYNTHETIC_MODEL_B,1,349
MR00350,MKT0350,Mandsaur Mandi 10,Mandsaur Mkt. 10,APMC Main Yard,MP-D05,Mandsaur,MP,Madhya Pradesh,25.5,85.6,True,2024-01-01,AGRIPULSE_SYNTHETIC_MODEL_B,1,350
MR00351,MKT0351,Ujjain Mandi 01,Ujjain Mandi 01,Regulated Market,MP-D06,Ujjain,MP,Madhya Pradesh,25.57,85.68,True,2024-01-01,AGRIPULSE_SYNTHETIC_MODEL_B,1,351
MR00352,MKT0352,Ujjain Mandi 02,Ujjain Mandi 02,Sub Yard,MP-D06,Ujjain,MP,Madhya Pradesh,25.64,85.76,True,2024-01-01,AGRIPULSE_SYNTHETIC_MODEL_B,1,352
MR00353,MKT0353,Ujjain Mandi 03,Ujjain Mandi 03,APMC Main Yard,MP-D06,Ujjain,MP,Madhya Pradesh,25.71,85.84,True,2024-01-01,AGRIPULSE_SYNTHETIC_MODEL_B,1,353
MR00354,MKT0354,Ujjain Mandi 04,Ujjain Mandi 04,Regulated Market,MP-D06,Ujjain,MP,Madhya Pradesh,25.78,85.92,True,2024-01-01,AGRIPULSE_SYNTHETIC_MODEL_B,1,354
MR00355,MKT0355,Ujjain Mandi 05,Ujjain Mkt. 05,Sub Yard,MP-D06,Ujjain,MP,Madhya Pradesh,25.85,86.0,True,2024-01-01,AGRIPULSE_SYNTHETIC_MODEL_B,1,355
MR00356,MKT0356,Ujjain Mandi 06,Ujjain Mandi 06,APMC Main Yard,MP-D06,Ujjain,MP,Madhya Pradesh,25.92,86.08,True,2024-01-01,AGRIPULSE_SYNTHETIC_MODEL_B,1,356
MR00357,MKT0357,Ujjain Mandi 07, UJJAIN MANDI 07 ,Regulated Market,MP-D06,Ujjain,MP,Madhya Pradesh,25.99,86.16,True,2024-01-01,AGRIPULSE_SYNTHETIC_MODEL_B,1,357
MR00358,MKT0358,Ujjain Mandi 08,Ujjain Mandi 08,Sub Yard,MP-D06,Ujjain,MP,Madhya Pradesh,26.06,86.24,True,2024-01-01,AGRIPULSE_SYNTHETIC_MODEL_B,1,358
MR00359,MKT0359,Ujjain Mandi 09,Ujjain Mandi 09,APMC Main Yard,MP-D06,Ujjain,MP,Madhya Pradesh,26.13,86.32,True,2024-01-01,AGRIPULSE_SYNTHETIC_MODEL_B,1,359
MR00360,MKT0360,Ujjain Mandi 10,Ujjain Mkt. 10,Regulated Market,MP-D06,Ujjain,MP,Madhya Pradesh,26.2,72.0,True,2024-01-01,AGRIPULSE_SYNTHETIC_MODEL_B,1,360
MR00361,MKT0361,Ajmer Mandi 01,Ajmer Mandi 01,Sub Yard,RJ-D01,Ajmer,RJ,Rajasthan,26.27,72.08,True,2024-01-01,AGRIPULSE_SYNTHETIC_MODEL_B,1,361
MR00362,MKT0362,Ajmer Mandi 02,Ajmer Mandi 02,APMC Main Yard,RJ-D01,Ajmer,RJ,Rajasthan,26.34,72.16,True,2024-01-01,AGRIPULSE_SYNTHETIC_MODEL_B,1,362
MR00363,MKT0363,Ajmer Mandi 03,Ajmer Mandi 03,Regulated Market,RJ-D01,Ajmer,RJ,Rajasthan,26.41,72.24,True,2024-01-01,AGRIPULSE_SYNTHETIC_MODEL_B,1,363
MR00364,MKT0364,Ajmer Mandi 04,Ajmer Mandi 04,Sub Yard,RJ-D01,Ajmer,RJ,Rajasthan,26.48,72.32,True,2024-01-01,AGRIPULSE_SYNTHETIC_MODEL_B,1,364
MR00365,MKT0365,Ajmer Mandi 05,Ajmer Mkt. 05,APMC Main Yard,RJ-D01,Ajmer,RJ,Rajasthan,26.55,72.4,True,2024-01-01,AGRIPULSE_SYNTHETIC_MODEL_B,1,365
MR00366,MKT0366,Ajmer Mandi 06,Ajmer Mandi 06,Regulated Market,RJ-D01,Ajmer,RJ,Rajasthan,26.62,72.48,True,2024-01-01,AGRIPULSE_SYNTHETIC_MODEL_B,1,366
MR00367,MKT0367,Ajmer Mandi 07, AJMER MANDI 07 ,Sub Yard,,Ajmer,RJ,Rajasthan,26.69,72.56,True,2024-01-01,AGRIPULSE_SYNTHETIC_MODEL_B,1,367
MR00368,MKT0368,Ajmer Mandi 08,Ajmer Mandi 08,APMC Main Yard,RJ-D01,Ajmer,RJ,Rajasthan,26.76,72.64,True,2024-01-01,AGRIPULSE_SYNTHETIC_MODEL_B,1,368
MR00369,MKT0369,Ajmer Mandi 09,Ajmer Mandi 09,Regulated Market,RJ-D01,Ajmer,RJ,Rajasthan,26.83,72.72,True,2024-01-01,AGRIPULSE_SYNTHETIC_MODEL_B,1,369
MR00370,MKT0370,Ajmer Mandi 10,Ajmer Mkt. 10,Sub Yard,RJ-D01,Ajmer,RJ,Rajasthan,26.9,72.8,True,2024-01-01,AGRIPULSE_SYNTHETIC_MODEL_B,1,370
MR00371,MKT0371,Alwar Mandi 01,Alwar Mandi 01,APMC Main Yard,RJ-D02,Alwar,RJ,Rajasthan,26.97,72.88,True,2024-01-01,AGRIPULSE_SYNTHETIC_MODEL_B,1,371
MR00372,MKT0372,Alwar Mandi 02,Alwar Mandi 02,Regulated Market,,Alwar,RJ,Rajasthan,27.04,72.96,True,2024-01-01,AGRIPULSE_SYNTHETIC_MODEL_B,1,372
MR00373,MKT0373,Alwar Mandi 03,Alwar Mandi 03,Sub Yard,RJ-D02,Alwar,RJ,Rajasthan,27.11,73.04,True,2024-01-01,AGRIPULSE_SYNTHETIC_MODEL_B,1,373
MR00374,MKT0374,Alwar Mandi 04,Alwar Mandi 04,APMC Main Yard,RJ-D02,Alwar,RJ,Rajasthan,27.18,73.12,True,2024-01-01,AGRIPULSE_SYNTHETIC_MODEL_B,1,374
MR00375,MKT0375,Alwar Mandi 05,Alwar Mkt. 05,Regulated Market,RJ-D02,Alwar,RJ,Rajasthan,27.25,73.2,True,2024-01-01,AGRIPULSE_SYNTHETIC_MODEL_B,1,375
MR00376,MKT0376,Alwar Mandi 06,Alwar Mandi 06,Sub Yard,RJ-D02,Alwar,RJ,Rajasthan,27.32,73.28,True,2024-01-01,AGRIPULSE_SYNTHETIC_MODEL_B,1,376
MR00377,MKT0377,Alwar Mandi 07, ALWAR MANDI 07 ,APMC Main Yard,RJ-D02,Alwar,RJ,Rajasthan,27.39,73.36,True,2024-01-01,AGRIPULSE_SYNTHETIC_MODEL_B,1,377
MR00378,MKT0378,Alwar Mandi 08,Alwar Mandi 08,Regulated Market,RJ-D02,Alwar,RJ,Rajasthan,27.46,73.44,True,2024-01-01,AGRIPULSE_SYNTHETIC_MODEL_B,1,378
MR00379,MKT0379,Alwar Mandi 09,Alwar Mandi 09,Sub Yard,RJ-D02,Alwar,RJ,Rajasthan,27.53,73.52,True,2024-01-01,AGRIPULSE_SYNTHETIC_MODEL_B,1,379
MR00380,MKT0380,Alwar Mandi 10,Alwar Mkt. 10,APMC Main Yard,RJ-D02,Alwar,RJ,Rajasthan,27.6,73.6,True,2024-01-01,AGRIPULSE_SYNTHETIC_MODEL_B,1,380
MR00381,MKT0381,Jaipur Mandi 01,Jaipur Mandi 01,Regulated Market,RJ-D03,Jaipur,RJ,Rajasthan,27.67,73.68,True,2024-01-01,AGRIPULSE_SYNTHETIC_MODEL_B,1,381
MR00382,MKT0382,Jaipur Mandi 02,Jaipur Mandi 02,Sub Yard,RJ-D03,Jaipur,RJ,Rajasthan,27.74,73.76,True,2024-01-01,AGRIPULSE_SYNTHETIC_MODEL_B,1,382
MR00383,MKT0383,Jaipur Mandi 03,Jaipur Mandi 03,APMC Main Yard,RJ-D03,Jaipur,RJ,Rajasthan,27.81,73.84,True,2024-01-01,AGRIPULSE_SYNTHETIC_MODEL_B,1,383
MR00384,MKT0384,Jaipur Mandi 04,Jaipur Mandi 04,Regulated Market,RJ-D03,Jaipur,RJ,Rajasthan,27.88,73.92,True,2024-01-01,AGRIPULSE_SYNTHETIC_MODEL_B,1,384
MR00385,MKT0385,Jaipur Mandi 05,Jaipur Mkt. 05,Sub Yard,RJ-D03,Jaipur,RJ,Rajasthan,27.95,74.0,True,2024-01-01,AGRIPULSE_SYNTHETIC_MODEL_B,1,385
MR00386,MKT0386,Jaipur Mandi 06,Jaipur Mandi 06,APMC Main Yard,RJ-D03,Jaipur,RJ,Rajasthan,28.02,74.08,True,2024-01-01,AGRIPULSE_SYNTHETIC_MODEL_B,1,386
MR00387,MKT0387,Jaipur Mandi 07, JAIPUR MANDI 07 ,Regulated Market,RJ-D03,Jaipur,RJ,Rajasthan,28.09,74.16,True,2024-01-01,AGRIPULSE_SYNTHETIC_MODEL_B,1,387
MR00388,MKT0388,Jaipur Mandi 08,Jaipur Mandi 08,Sub Yard,RJ-D03,Jaipur,RJ,Rajasthan,28.16,74.24,True,2024-01-01,AGRIPULSE_SYNTHETIC_MODEL_B,1,388
MR00389,MKT0389,Jaipur Mandi 09,Jaipur Mandi 09,APMC Main Yard,RJ-D03,Jaipur,RJ,Rajasthan,28.23,74.32,True,2024-01-01,AGRIPULSE_SYNTHETIC_MODEL_B,1,389
MR00390,MKT0390,Jaipur Mandi 10,Jaipur Mkt. 10,Regulated Market,RJ-D03,Jaipur,RJ,Rajasthan,28.3,74.4,True,2024-01-01,AGRIPULSE_SYNTHETIC_MODEL_B,1,390
MR00391,MKT0391,Jodhpur Mandi 01,Jodhpur Mandi 01,Sub Yard,RJ-D04,Jodhpur,RJ,Rajasthan,28.37,74.48,True,2024-01-01,AGRIPULSE_SYNTHETIC_MODEL_B,1,391
MR00392,MKT0392,Jodhpur Mandi 02,Jodhpur Mandi 02,APMC Main Yard,RJ-D04,Jodhpur,RJ,Rajasthan,28.44,74.56,True,2024-01-01,AGRIPULSE_SYNTHETIC_MODEL_B,1,392
MR00393,MKT0393,Jodhpur Mandi 03,Jodhpur Mandi 03,Regulated Market,RJ-D04,Jodhpur,RJ,Rajasthan,28.51,74.64,True,2024-01-01,AGRIPULSE_SYNTHETIC_MODEL_B,1,393
MR00394,MKT0394,Jodhpur Mandi 04,Jodhpur Mandi 04,Sub Yard,RJ-D04,Jodhpur,RJ,Rajasthan,28.58,74.72,True,2024-01-01,AGRIPULSE_SYNTHETIC_MODEL_B,1,394
MR00395,MKT0395,Jodhpur Mandi 05,Jodhpur Mkt. 05,APMC Main Yard,RJ-D04,Jodhpur,RJ,Rajasthan,28.65,74.8,True,2024-01-01,AGRIPULSE_SYNTHETIC_MODEL_B,1,395
MR00396,MKT0396,Jodhpur Mandi 06,Jodhpur Mandi 06,Regulated Market,RJ-D04,Jodhpur,RJ,Rajasthan,28.72,74.88,True,2024-01-01,AGRIPULSE_SYNTHETIC_MODEL_B,1,396
MR00397,MKT0397,Jodhpur Mandi 07, JODHPUR MANDI 07 ,Sub Yard,RJ-D04,Jodhpur,RJ,Rajasthan,28.79,74.96,True,2024-01-01,AGRIPULSE_SYNTHETIC_MODEL_B,1,397
MR00398,MKT0398,Jodhpur Mandi 08,Jodhpur Mandi 08,APMC Main Yard,RJ-D04,Jodhpur,RJ,Rajasthan,28.86,75.04,True,2024-01-01,AGRIPULSE_SYNTHETIC_MODEL_B,1,398
MR00399,MKT0399,Jodhpur Mandi 09,Jodhpur Mandi 09,Regulated Market,RJ-D04,Jodhpur,RJ,Rajasthan,28.93,75.12,True,2024-01-01,AGRIPULSE_SYNTHETIC_MODEL_B,1,399
MR00400,MKT0400,Jodhpur Mandi 10,Jodhpur Mkt. 10,Sub Yard,RJ-D04,Jodhpur,RJ,Rajasthan,15.0,75.2,True,2024-01-01,AGRIPULSE_SYNTHETIC_MODEL_B,1,400
MR00401,MKT0401,Kota Mandi 01,Kota Mandi 01,APMC Main Yard,RJ-D05,Kota,RJ,Rajasthan,15.07,75.28,True,2024-01-01,AGRIPULSE_SYNTHETIC_MODEL_B,1,401
MR00402,MKT0402,Kota Mandi 02,Kota Mandi 02,Regulated Market,RJ-D05,Kota,RJ,Rajasthan,15.14,75.36,True,2024-01-01,AGRIPULSE_SYNTHETIC_MODEL_B,1,402
MR00403,MKT0403,Kota Mandi 03,Kota Mandi 03,Sub Yard,RJ-D05,Kota,RJ,Rajasthan,15.21,75.44,True,2024-01-01,AGRIPULSE_SYNTHETIC_MODEL_B,1,403
MR00404,MKT0404,Kota Mandi 04,Kota Mandi 04,APMC Main Yard,RJ-D05,Kota,RJ,Rajasthan,15.28,75.52,True,2024-01-01,AGRIPULSE_SYNTHETIC_MODEL_B,1,404
MR00405,MKT0405,Kota Mandi 05,Kota Mkt. 05,Regulated Market,RJ-D05,Kota,RJ,Rajasthan,15.35,75.6,True,2024-01-01,AGRIPULSE_SYNTHETIC_MODEL_B,1,405
MR00406,MKT0406,Kota Mandi 06,Kota Mandi 06,Sub Yard,RJ-D05,Kota,RJ,Rajasthan,15.42,75.68,True,2024-01-01,AGRIPULSE_SYNTHETIC_MODEL_B,1,406
MR00407,MKT0407,Kota Mandi 07, KOTA MANDI 07 ,APMC Main Yard,RJ-D05,Kota,RJ,Rajasthan,15.49,75.76,True,2024-01-01,AGRIPULSE_SYNTHETIC_MODEL_B,1,407
MR00408,MKT0408,Kota Mandi 08,Kota Mandi 08,Regulated Market,RJ-D05,Kota,RJ,Rajasthan,15.56,75.84,True,2024-01-01,AGRIPULSE_SYNTHETIC_MODEL_B,1,408
MR00409,MKT0409,Kota Mandi 09,Kota Mandi 09,Sub Yard,RJ-D05,Kota,RJ,Rajasthan,15.63,75.92,True,2024-01-01,AGRIPULSE_SYNTHETIC_MODEL_B,1,409
MR00410,MKT0410,Kota Mandi 10,Kota Mkt. 10,APMC Main Yard,RJ-D05,Kota,RJ,Rajasthan,15.7,76.0,True,2024-01-01,AGRIPULSE_SYNTHETIC_MODEL_B,1,410
MR00411,MKT0411,Udaipur Mandi 01,Udaipur Mandi 01,Regulated Market,RJ-D06,Udaipur,RJ,Rajasthan,15.77,76.08,True,2024-01-01,AGRIPULSE_SYNTHETIC_MODEL_B,1,411
MR00412,MKT0412,Udaipur Mandi 02,Udaipur Mandi 02,Sub Yard,RJ-D06,Udaipur,RJ,Rajasthan,15.84,76.16,True,2024-01-01,AGRIPULSE_SYNTHETIC_MODEL_B,1,412
MR00413,MKT0413,Udaipur Mandi 03,Udaipur Mandi 03,APMC Main Yard,RJ-D06,Udaipur,RJ,Rajasthan,15.91,76.24,True,2024-01-01,AGRIPULSE_SYNTHETIC_MODEL_B,1,413
MR00414,MKT0414,Udaipur Mandi 04,Udaipur Mandi 04,Regulated Market,RJ-D06,Udaipur,RJ,Rajasthan,15.98,76.32,True,2024-01-01,AGRIPULSE_SYNTHETIC_MODEL_B,1,414
MR00415,MKT0415,Udaipur Mandi 05,Udaipur Mkt. 05,Sub Yard,RJ-D06,Udaipur,RJ,Rajasthan,16.05,76.4,True,2024-01-01,AGRIPULSE_SYNTHETIC_MODEL_B,1,415
MR00416,MKT0416,Udaipur Mandi 06,Udaipur Mandi 06,APMC Main Yard,RJ-D06,Udaipur,RJ,Rajasthan,16.12,76.48,True,2024-01-01,AGRIPULSE_SYNTHETIC_MODEL_B,1,416
MR00417,MKT0417,Udaipur Mandi 07, UDAIPUR MANDI 07 ,Regulated Market,RJ-D06,Udaipur,RJ,Rajasthan,16.19,76.56,True,2024-01-01,AGRIPULSE_SYNTHETIC_MODEL_B,1,417
MR00418,MKT0418,Udaipur Mandi 08,Udaipur Mandi 08,Sub Yard,RJ-D06,Udaipur,RJ,Rajasthan,16.26,76.64,True,2024-01-01,AGRIPULSE_SYNTHETIC_MODEL_B,1,418
MR00419,MKT0419,Udaipur Mandi 09,Udaipur Mandi 09,APMC Main Yard,RJ-D06,Udaipur,RJ,Rajasthan,16.33,76.72,True,2024-01-01,AGRIPULSE_SYNTHETIC_MODEL_B,1,419
MR00420,MKT0420,Udaipur Mandi 10,Udaipur Mkt. 10,Regulated Market,RJ-D06,Udaipur,RJ,Rajasthan,16.4,76.8,True,2024-01-01,AGRIPULSE_SYNTHETIC_MODEL_B,1,420
MR00421,MKT0421,Agra Mandi 01,Agra Mandi 01,Sub Yard,UP-D01,Agra,UP,Uttar Pradesh,16.47,76.88,True,2024-01-01,AGRIPULSE_SYNTHETIC_MODEL_B,1,421
MR00422,MKT0422,Agra Mandi 02,Agra Mandi 02,APMC Main Yard,UP-D01,Agra,UP,Uttar Pradesh,16.54,76.96,True,2024-01-01,AGRIPULSE_SYNTHETIC_MODEL_B,1,422
MR00423,MKT0423,Agra Mandi 03,Agra Mandi 03,Regulated Market,UP-D01,Agra,UP,Uttar Pradesh,16.61,77.04,True,2024-01-01,AGRIPULSE_SYNTHETIC_MODEL_B,1,423
MR00424,MKT0424,Agra Mandi 04,Agra Mandi 04,Sub Yard,UP-D01,Agra,UP,Uttar Pradesh,16.68,77.12,True,2024-01-01,AGRIPULSE_SYNTHETIC_MODEL_B,1,424
MR00425,MKT0425,Agra Mandi 05,Agra Mkt. 05,APMC Main Yard,UP-D01,Agra,UP,Uttar Pradesh,16.75,77.2,True,2024-01-01,AGRIPULSE_SYNTHETIC_MODEL_B,1,425
MR00426,MKT0426,Agra Mandi 06,Agra Mandi 06,Regulated Market,UP-D01,Agra,UP,Uttar Pradesh,16.82,77.28,True,2024-01-01,AGRIPULSE_SYNTHETIC_MODEL_B,1,426
MR00427,MKT0427,Agra Mandi 07, AGRA MANDI 07 ,Sub Yard,UP-D01,Agra,UP,Uttar Pradesh,16.89,77.36,True,2024-01-01,AGRIPULSE_SYNTHETIC_MODEL_B,1,427
MR00428,MKT0428,Agra Mandi 08,Agra Mandi 08,APMC Main Yard,UP-D01,Agra,UP,Uttar Pradesh,16.96,77.44,True,2024-01-01,AGRIPULSE_SYNTHETIC_MODEL_B,1,428
MR00429,MKT0429,Agra Mandi 09,Agra Mandi 09,Regulated Market,UP-D01,Agra,UP,Uttar Pradesh,17.03,77.52,True,2024-01-01,AGRIPULSE_SYNTHETIC_MODEL_B,1,429
MR00430,MKT0430,Agra Mandi 10,Agra Mkt. 10,Sub Yard,UP-D01,Agra,UP,Uttar Pradesh,17.1,77.6,True,2024-01-01,AGRIPULSE_SYNTHETIC_MODEL_B,1,430
MR00431,MKT0431,Bareilly Mandi 01,Bareilly Mandi 01,APMC Main Yard,UP-D02,Bareilly,UP,Uttar Pradesh,17.17,77.68,True,2024-01-01,AGRIPULSE_SYNTHETIC_MODEL_B,1,431
MR00432,MKT0432,Bareilly Mandi 02,Bareilly Mandi 02,Regulated Market,UP-D02,Bareilly,UP,Uttar Pradesh,17.24,77.76,True,2024-01-01,AGRIPULSE_SYNTHETIC_MODEL_B,1,432
MR00433,MKT0433,Bareilly Mandi 03,Bareilly Mandi 03,Sub Yard,UP-D02,Bareilly,UP,Uttar Pradesh,17.31,77.84,True,2024-01-01,AGRIPULSE_SYNTHETIC_MODEL_B,1,433
MR00434,MKT0434,Bareilly Mandi 04,Bareilly Mandi 04,APMC Main Yard,UP-D02,Bareilly,UP,Uttar Pradesh,17.38,77.92,True,2024-01-01,AGRIPULSE_SYNTHETIC_MODEL_B,1,434
MR00435,MKT0435,Bareilly Mandi 05,Bareilly Mkt. 05,Regulated Market,UP-D02,Bareilly,UP,Uttar Pradesh,17.45,78.0,True,2024-01-01,AGRIPULSE_SYNTHETIC_MODEL_B,1,435
MR00436,MKT0436,Bareilly Mandi 06,Bareilly Mandi 06,Sub Yard,UP-D02,Bareilly,UP,Uttar Pradesh,17.52,78.08,True,2024-01-01,AGRIPULSE_SYNTHETIC_MODEL_B,1,436
MR00437,MKT0437,Bareilly Mandi 07, BAREILLY MANDI 07 ,APMC Main Yard,,Bareilly,UP,Uttar Pradesh,17.59,78.16,True,2024-01-01,AGRIPULSE_SYNTHETIC_MODEL_B,1,437
MR00438,MKT0438,Bareilly Mandi 08,Bareilly Mandi 08,Regulated Market,UP-D02,Bareilly,UP,Uttar Pradesh,17.66,78.24,True,2024-01-01,AGRIPULSE_SYNTHETIC_MODEL_B,1,438
MR00439,MKT0439,Bareilly Mandi 09,Bareilly Mandi 09,Sub Yard,UP-D02,Bareilly,UP,Uttar Pradesh,17.73,78.32,True,2024-01-01,AGRIPULSE_SYNTHETIC_MODEL_B,1,439
MR00440,MKT0440,Bareilly Mandi 10,Bareilly Mkt. 10,APMC Main Yard,UP-D02,Bareilly,UP,Uttar Pradesh,17.8,78.4,True,2024-01-01,AGRIPULSE_SYNTHETIC_MODEL_B,1,440
MR00441,MKT0441,Kanpur Mandi 01,Kanpur Mandi 01,Regulated Market,UP-D03,Kanpur,UP,Uttar Pradesh,17.87,78.48,True,2024-01-01,AGRIPULSE_SYNTHETIC_MODEL_B,1,441
MR00442,MKT0442,Kanpur Mandi 02,Kanpur Mandi 02,Sub Yard,UP-D03,Kanpur,UP,Uttar Pradesh,17.94,78.56,True,2024-01-01,AGRIPULSE_SYNTHETIC_MODEL_B,1,442
MR00443,MKT0443,Kanpur Mandi 03,Kanpur Mandi 03,APMC Main Yard,UP-D03,Kanpur,UP,Uttar Pradesh,18.01,78.64,True,2024-01-01,AGRIPULSE_SYNTHETIC_MODEL_B,1,443
MR00444,MKT0444,Kanpur Mandi 04,Kanpur Mandi 04,Regulated Market,UP-D03,Kanpur,UP,Uttar Pradesh,18.08,78.72,True,2024-01-01,AGRIPULSE_SYNTHETIC_MODEL_B,1,444
MR00445,MKT0445,Kanpur Mandi 05,Kanpur Mkt. 05,Sub Yard,UP-D03,Kanpur,UP,Uttar Pradesh,18.15,78.8,True,2024-01-01,AGRIPULSE_SYNTHETIC_MODEL_B,1,445
MR00446,MKT0446,Kanpur Mandi 06,Kanpur Mandi 06,APMC Main Yard,UP-D03,Kanpur,UP,Uttar Pradesh,18.22,78.88,True,2024-01-01,AGRIPULSE_SYNTHETIC_MODEL_B,1,446
MR00447,MKT0447,Kanpur Mandi 07, KANPUR MANDI 07 ,Regulated Market,UP-D03,Kanpur,UP,Uttar Pradesh,18.29,78.96,True,2024-01-01,AGRIPULSE_SYNTHETIC_MODEL_B,1,447
MR00448,MKT0448,Kanpur Mandi 08,Kanpur Mandi 08,Sub Yard,UP-D03,Kanpur,UP,Uttar Pradesh,18.36,79.04,True,2024-01-01,AGRIPULSE_SYNTHETIC_MODEL_B,1,448
MR00449,MKT0449,Kanpur Mandi 09,Kanpur Mandi 09,APMC Main Yard,UP-D03,Kanpur,UP,Uttar Pradesh,18.43,79.12,True,2024-01-01,AGRIPULSE_SYNTHETIC_MODEL_B,1,449
MR00450,MKT0450,Kanpur Mandi 10,Kanpur Mkt. 10,Regulated Market,UP-D03,Kanpur,UP,Uttar Pradesh,18.5,79.2,True,2024-01-01,AGRIPULSE_SYNTHETIC_MODEL_B,1,450
MR00451,MKT0451,Lucknow Mandi 01,Lucknow Mandi 01,Sub Yard,UP-D04,Lucknow,UP,Uttar Pradesh,18.57,79.28,True,2024-01-01,AGRIPULSE_SYNTHETIC_MODEL_B,1,451
MR00452,MKT0452,Lucknow Mandi 02,Lucknow Mandi 02,APMC Main Yard,UP-D04,Lucknow,UP,Uttar Pradesh,18.64,79.36,True,2024-01-01,AGRIPULSE_SYNTHETIC_MODEL_B,1,452
MR00453,MKT0453,Lucknow Mandi 03,Lucknow Mandi 03,Regulated Market,UP-D04,Lucknow,UP,Uttar Pradesh,18.71,79.44,True,2024-01-01,AGRIPULSE_SYNTHETIC_MODEL_B,1,453
MR00454,MKT0454,Lucknow Mandi 04,Lucknow Mandi 04,Sub Yard,UP-D04,Lucknow,UP,Uttar Pradesh,18.78,79.52,True,2024-01-01,AGRIPULSE_SYNTHETIC_MODEL_B,1,454
MR00455,MKT0455,Lucknow Mandi 05,Lucknow Mkt. 05,APMC Main Yard,UP-D04,Lucknow,UP,Uttar Pradesh,18.85,79.6,True,2024-01-01,AGRIPULSE_SYNTHETIC_MODEL_B,1,455
MR00456,MKT0456,Lucknow Mandi 06,Lucknow Mandi 06,Regulated Market,UP-D04,Lucknow,UP,Uttar Pradesh,18.92,79.68,True,2024-01-01,AGRIPULSE_SYNTHETIC_MODEL_B,1,456
MR00457,MKT0457,Lucknow Mandi 07, LUCKNOW MANDI 07 ,Sub Yard,UP-D04,Lucknow,UP,Uttar Pradesh,18.99,79.76,True,2024-01-01,AGRIPULSE_SYNTHETIC_MODEL_B,1,457
MR00458,MKT0458,Lucknow Mandi 08,Lucknow Mandi 08,APMC Main Yard,UP-D04,Lucknow,UP,Uttar Pradesh,19.06,79.84,True,2024-01-01,AGRIPULSE_SYNTHETIC_MODEL_B,1,458
MR00459,MKT0459,Lucknow Mandi 09,Lucknow Mandi 09,Regulated Market,UP-D04,Lucknow,UP,Uttar Pradesh,19.13,79.92,True,2024-01-01,AGRIPULSE_SYNTHETIC_MODEL_B,1,459
MR00460,MKT0460,Lucknow Mandi 10,Lucknow Mkt. 10,Sub Yard,UP-D04,Lucknow,UP,Uttar Pradesh,19.2,80.0,True,2024-01-01,AGRIPULSE_SYNTHETIC_MODEL_B,1,460
MR00461,MKT0461,Meerut Mandi 01,Meerut Mandi 01,APMC Main Yard,UP-D05,Meerut,UP,Uttar Pradesh,19.27,80.08,True,2024-01-01,AGRIPULSE_SYNTHETIC_MODEL_B,1,461
MR00462,MKT0462,Meerut Mandi 02,Meerut Mandi 02,Regulated Market,UP-D05,Meerut,UP,Uttar Pradesh,19.34,80.16,True,2024-01-01,AGRIPULSE_SYNTHETIC_MODEL_B,1,462
MR00463,MKT0463,Meerut Mandi 03,Meerut Mandi 03,Sub Yard,UP-D05,Meerut,UP,Uttar Pradesh,19.41,80.24,True,2024-01-01,AGRIPULSE_SYNTHETIC_MODEL_B,1,463
MR00464,MKT0464,Meerut Mandi 04,Meerut Mandi 04,APMC Main Yard,UP-D05,Meerut,UP,Uttar Pradesh,19.48,80.32,True,2024-01-01,AGRIPULSE_SYNTHETIC_MODEL_B,1,464
MR00465,MKT0465,Meerut Mandi 05,Meerut Mkt. 05,Regulated Market,UP-D05,Meerut,UP,Uttar Pradesh,19.55,80.4,True,2024-01-01,AGRIPULSE_SYNTHETIC_MODEL_B,1,465
MR00466,MKT0466,Meerut Mandi 06,Meerut Mandi 06,Sub Yard,UP-D05,Meerut,UP,Uttar Pradesh,19.62,80.48,True,2024-01-01,AGRIPULSE_SYNTHETIC_MODEL_B,1,466
MR00467,MKT0467,Meerut Mandi 07, MEERUT MANDI 07 ,APMC Main Yard,UP-D05,Meerut,UP,Uttar Pradesh,19.69,80.56,True,2024-01-01,AGRIPULSE_SYNTHETIC_MODEL_B,1,467
MR00468,MKT0468,Meerut Mandi 08,Meerut Mandi 08,Regulated Market,UP-D05,Meerut,UP,Uttar Pradesh,19.76,80.64,True,2024-01-01,AGRIPULSE_SYNTHETIC_MODEL_B,1,468
MR00469,MKT0469,Meerut Mandi 09,Meerut Mandi 09,Sub Yard,UP-D05,Meerut,UP,Uttar Pradesh,19.83,80.72,True,2024-01-01,AGRIPULSE_SYNTHETIC_MODEL_B,1,469
MR00470,MKT0470,Meerut Mandi 10,Meerut Mkt. 10,APMC Main Yard,UP-D05,Meerut,UP,Uttar Pradesh,19.9,80.8,True,2024-01-01,AGRIPULSE_SYNTHETIC_MODEL_B,1,470
MR00471,MKT0471,Varanasi Mandi 01,Varanasi Mandi 01,Regulated Market,UP-D06,Varanasi,UP,Uttar Pradesh,19.97,80.88,True,2024-01-01,AGRIPULSE_SYNTHETIC_MODEL_B,1,471
MR00472,MKT0472,Varanasi Mandi 02,Varanasi Mandi 02,Sub Yard,UP-D06,Varanasi,UP,Uttar Pradesh,20.04,80.96,True,2024-01-01,AGRIPULSE_SYNTHETIC_MODEL_B,1,472
MR00473,MKT0473,Varanasi Mandi 03,Varanasi Mandi 03,APMC Main Yard,UP-D06,Varanasi,UP,Uttar Pradesh,20.11,81.04,True,2024-01-01,AGRIPULSE_SYNTHETIC_MODEL_B,1,473
MR00474,MKT0474,Varanasi Mandi 04,Varanasi Mandi 04,Regulated Market,UP-D06,Varanasi,UP,Uttar Pradesh,20.18,81.12,True,2024-01-01,AGRIPULSE_SYNTHETIC_MODEL_B,1,474
MR00475,MKT0475,Varanasi Mandi 05,Varanasi Mkt. 05,Sub Yard,UP-D06,Varanasi,UP,Uttar Pradesh,20.25,81.2,True,2024-01-01,AGRIPULSE_SYNTHETIC_MODEL_B,1,475
MR00476,MKT0476,Varanasi Mandi 06,Varanasi Mandi 06,APMC Main Yard,UP-D06,Varanasi,UP,Uttar Pradesh,20.32,81.28,True,2024-01-01,AGRIPULSE_SYNTHETIC_MODEL_B,1,476
MR00477,MKT0477,Varanasi Mandi 07, VARANASI MANDI 07 ,Regulated Market,UP-D06,Varanasi,UP,Uttar Pradesh,20.39,81.36,True,2024-01-01,AGRIPULSE_SYNTHETIC_MODEL_B,1,477
MR00478,MKT0478,Varanasi Mandi 08,Varanasi Mandi 08,Sub Yard,UP-D06,Varanasi,UP,Uttar Pradesh,20.46,81.44,True,2024-01-01,AGRIPULSE_SYNTHETIC_MODEL_B,1,478
MR00479,MKT0479,Varanasi Mandi 09,Varanasi Mandi 09,APMC Main Yard,UP-D06,Varanasi,UP,Uttar Pradesh,20.53,81.52,True,2024-01-01,AGRIPULSE_SYNTHETIC_MODEL_B,1,479
MR00480,MKT0480,Varanasi Mandi 10,Varanasi Mkt. 10,Regulated Market,UP-D06,Varanasi,UP,Uttar Pradesh,20.6,81.6,True,2024-01-01,AGRIPULSE_SYNTHETIC_MODEL_B,1,480
MR00481,MKT0481,Ahmedabad Mandi 01,Ahmedabad Mandi 01,Sub Yard,GJ-D01,Ahmedabad,GJ,Gujarat,20.67,81.68,True,2024-01-01,AGRIPULSE_SYNTHETIC_MODEL_B,1,481
MR00482,MKT0482,Ahmedabad Mandi 02,Ahmedabad Mandi 02,APMC Main Yard,GJ-D01,Ahmedabad,GJ,Gujarat,20.74,81.76,True,2024-01-01,AGRIPULSE_SYNTHETIC_MODEL_B,1,482
MR00483,MKT0483,Ahmedabad Mandi 03,Ahmedabad Mandi 03,Regulated Market,GJ-D01,Ahmedabad,GJ,Gujarat,20.81,81.84,True,2024-01-01,AGRIPULSE_SYNTHETIC_MODEL_B,1,483
MR00484,MKT0484,Ahmedabad Mandi 04,Ahmedabad Mandi 04,Sub Yard,GJ-D01,Ahmedabad,GJ,Gujarat,20.88,81.92,True,2024-01-01,AGRIPULSE_SYNTHETIC_MODEL_B,1,484
MR00485,MKT0485,Ahmedabad Mandi 05,Ahmedabad Mkt. 05,APMC Main Yard,GJ-D01,Ahmedabad,GJ,Gujarat,20.95,82.0,True,2024-01-01,AGRIPULSE_SYNTHETIC_MODEL_B,1,485
MR00486,MKT0486,Ahmedabad Mandi 06,Ahmedabad Mandi 06,Regulated Market,GJ-D01,Ahmedabad,GJ,Gujarat,21.02,82.08,True,2024-01-01,AGRIPULSE_SYNTHETIC_MODEL_B,1,486
MR00487,MKT0487,Ahmedabad Mandi 07, AHMEDABAD MANDI 07 ,Sub Yard,GJ-D01,Ahmedabad,GJ,Gujarat,21.09,82.16,True,2024-01-01,AGRIPULSE_SYNTHETIC_MODEL_B,1,487
MR00488,MKT0488,Ahmedabad Mandi 08,Ahmedabad Mandi 08,APMC Main Yard,GJ-D01,Ahmedabad,GJ,Gujarat,21.16,82.24,True,2024-01-01,AGRIPULSE_SYNTHETIC_MODEL_B,1,488
MR00489,MKT0489,Ahmedabad Mandi 09,Ahmedabad Mandi 09,Regulated Market,GJ-D01,Ahmedabad,GJ,Gujarat,21.23,82.32,True,2024-01-01,AGRIPULSE_SYNTHETIC_MODEL_B,1,489
MR00490,MKT0490,Ahmedabad Mandi 10,Ahmedabad Mkt. 10,Sub Yard,GJ-D01,Ahmedabad,GJ,Gujarat,21.3,82.4,True,2024-01-01,AGRIPULSE_SYNTHETIC_MODEL_B,1,490
MR00491,MKT0491,Banaskantha Mandi 01,Banaskantha Mandi 01,APMC Main Yard,GJ-D02,Banaskantha,GJ,Gujarat,21.37,82.48,True,2024-01-01,AGRIPULSE_SYNTHETIC_MODEL_B,1,491
MR00492,MKT0492,Banaskantha Mandi 02,Banaskantha Mandi 02,Regulated Market,GJ-D02,Banaskantha,GJ,Gujarat,21.44,82.56,True,2024-01-01,AGRIPULSE_SYNTHETIC_MODEL_B,1,492
MR00493,MKT0493,Banaskantha Mandi 03,Banaskantha Mandi 03,Sub Yard,GJ-D02,Banaskantha,GJ,Gujarat,21.51,82.64,True,2024-01-01,AGRIPULSE_SYNTHETIC_MODEL_B,1,493
MR00494,MKT0494,Banaskantha Mandi 04,Banaskantha Mandi 04,APMC Main Yard,GJ-D02,Banaskantha,GJ,Gujarat,21.58,82.72,True,2024-01-01,AGRIPULSE_SYNTHETIC_MODEL_B,1,494
MR00495,MKT0495,Banaskantha Mandi 05,Banaskantha Mkt. 05,Regulated Market,GJ-D02,Banaskantha,GJ,Gujarat,21.65,82.8,True,2024-01-01,AGRIPULSE_SYNTHETIC_MODEL_B,1,495
MR00496,MKT0496,Banaskantha Mandi 06,Banaskantha Mandi 06,Sub Yard,GJ-D02,Banaskantha,GJ,Gujarat,21.72,82.88,True,2024-01-01,AGRIPULSE_SYNTHETIC_MODEL_B,1,496
MR00497,MKT0497,Banaskantha Mandi 07, BANASKANTHA MANDI 07 ,APMC Main Yard,GJ-D02,Banaskantha,GJ,Gujarat,21.79,82.96,True,2024-01-01,AGRIPULSE_SYNTHETIC_MODEL_B,1,497
MR00498,MKT0498,Banaskantha Mandi 08,Banaskantha Mandi 08,Regulated Market,GJ-D02,Banaskantha,GJ,Gujarat,21.86,83.04,True,2024-01-01,AGRIPULSE_SYNTHETIC_MODEL_B,1,498
MR00499,MKT0499,Banaskantha Mandi 09,Banaskantha Mandi 09,Sub Yard,GJ-D02,Banaskantha,GJ,Gujarat,21.93,83.12,True,2024-01-01,AGRIPULSE_SYNTHETIC_MODEL_B,1,499
MR00500,MKT0500,Banaskantha Mandi 10,Banaskantha Mkt. 10,APMC Main Yard,GJ-D02,Banaskantha,GJ,Gujarat,22.0,83.2,True,2024-01-01,AGRIPULSE_SYNTHETIC_MODEL_B,1,500
MR00501,MKT0501,Rajkot Mandi 01,Rajkot Mandi 01,Regulated Market,GJ-D03,Rajkot,GJ,Gujarat,22.07,83.28,True,2024-01-01,AGRIPULSE_SYNTHETIC_MODEL_B,1,501
MR00502,MKT0502,Rajkot Mandi 02,Rajkot Mandi 02,Sub Yard,GJ-D03,Rajkot,GJ,Gujarat,22.14,83.36,True,2024-01-01,AGRIPULSE_SYNTHETIC_MODEL_B,1,502
MR00503,MKT0503,Rajkot Mandi 03,Rajkot Mandi 03,APMC Main Yard,GJ-D03,Rajkot,GJ,Gujarat,22.21,83.44,True,2024-01-01,AGRIPULSE_SYNTHETIC_MODEL_B,1,503
MR00504,MKT0504,Rajkot Mandi 04,Rajkot Mandi 04,Regulated Market,GJ-D03,Rajkot,GJ,Gujarat,22.28,83.52,True,2024-01-01,AGRIPULSE_SYNTHETIC_MODEL_B,1,504
MR00505,MKT0505,Rajkot Mandi 05,Rajkot Mkt. 05,Sub Yard,GJ-D03,Rajkot,GJ,Gujarat,22.35,83.6,True,2024-01-01,AGRIPULSE_SYNTHETIC_MODEL_B,1,505
MR00506,MKT0506,Rajkot Mandi 06,Rajkot Mandi 06,APMC Main Yard,GJ-D03,Rajkot,GJ,Gujarat,22.42,83.68,True,2024-01-01,AGRIPULSE_SYNTHETIC_MODEL_B,1,506
MR00507,MKT0507,Rajkot Mandi 07, RAJKOT MANDI 07 ,Regulated Market,GJ-D03,Rajkot,GJ,Gujarat,22.49,83.76,True,2024-01-01,AGRIPULSE_SYNTHETIC_MODEL_B,1,507
MR00508,MKT0508,Rajkot Mandi 08,Rajkot Mandi 08,Sub Yard,GJ-D03,Rajkot,GJ,Gujarat,22.56,83.84,True,2024-01-01,AGRIPULSE_SYNTHETIC_MODEL_B,1,508
MR00509,MKT0509,Rajkot Mandi 09,Rajkot Mandi 09,APMC Main Yard,GJ-D03,Rajkot,GJ,Gujarat,22.63,83.92,True,2024-01-01,AGRIPULSE_SYNTHETIC_MODEL_B,1,509
MR00510,MKT0510,Rajkot Mandi 10,Rajkot Mkt. 10,Regulated Market,GJ-D03,Rajkot,GJ,Gujarat,22.7,84.0,True,2024-01-01,AGRIPULSE_SYNTHETIC_MODEL_B,1,510
MR00511,MKT0511,Surat Mandi 01,Surat Mandi 01,Sub Yard,GJ-D04,Surat,GJ,Gujarat,22.77,84.08,True,2024-01-01,AGRIPULSE_SYNTHETIC_MODEL_B,1,511
MR00512,MKT0512,Surat Mandi 02,Surat Mandi 02,APMC Main Yard,GJ-D04,Surat,GJ,Gujarat,22.84,84.16,True,2024-01-01,AGRIPULSE_SYNTHETIC_MODEL_B,1,512
MR00513,MKT0513,Surat Mandi 03,Surat Mandi 03,Regulated Market,GJ-D04,Surat,GJ,Gujarat,22.91,84.24,True,2024-01-01,AGRIPULSE_SYNTHETIC_MODEL_B,1,513
MR00514,MKT0514,Surat Mandi 04,Surat Mandi 04,Sub Yard,GJ-D04,Surat,GJ,Gujarat,22.98,84.32,True,2024-01-01,AGRIPULSE_SYNTHETIC_MODEL_B,1,514
MR00515,MKT0515,Surat Mandi 05,Surat Mkt. 05,APMC Main Yard,GJ-D04,Surat,GJ,Gujarat,23.05,84.4,True,2024-01-01,AGRIPULSE_SYNTHETIC_MODEL_B,1,515
MR00516,MKT0516,Surat Mandi 06,Surat Mandi 06,Regulated Market,GJ-D04,Surat,GJ,Gujarat,23.12,84.48,True,2024-01-01,AGRIPULSE_SYNTHETIC_MODEL_B,1,516
MR00517,MKT0517,Surat Mandi 07, SURAT MANDI 07 ,Sub Yard,GJ-D04,Surat,GJ,Gujarat,23.19,84.56,True,2024-01-01,AGRIPULSE_SYNTHETIC_MODEL_B,1,517
MR00518,MKT0518,Surat Mandi 08,Surat Mandi 08,APMC Main Yard,GJ-D04,Surat,GJ,Gujarat,23.26,84.64,True,2024-01-01,AGRIPULSE_SYNTHETIC_MODEL_B,1,518
MR00519,MKT0519,Surat Mandi 09,Surat Mandi 09,Regulated Market,GJ-D04,Surat,GJ,Gujarat,23.33,84.72,True,2024-01-01,AGRIPULSE_SYNTHETIC_MODEL_B,1,519
MR00520,MKT0520,Surat Mandi 10,Surat Mkt. 10,Sub Yard,GJ-D04,Surat,GJ,Gujarat,23.4,84.8,True,2024-01-01,AGRIPULSE_SYNTHETIC_MODEL_B,1,520
MR00521,MKT0521,Vadodara Mandi 01,Vadodara Mandi 01,APMC Main Yard,GJ-D05,Vadodara,GJ,Gujarat,23.47,84.88,True,2024-01-01,AGRIPULSE_SYNTHETIC_MODEL_B,1,521
MR00522,MKT0522,Vadodara Mandi 02,Vadodara Mandi 02,Regulated Market,GJ-D05,Vadodara,GJ,Gujarat,23.54,84.96,True,2024-01-01,AGRIPULSE_SYNTHETIC_MODEL_B,1,522
MR00523,MKT0523,Vadodara Mandi 03,Vadodara Mandi 03,Sub Yard,GJ-D05,Vadodara,GJ,Gujarat,23.61,85.04,True,2024-01-01,AGRIPULSE_SYNTHETIC_MODEL_B,1,523
MR00524,MKT0524,Vadodara Mandi 04,Vadodara Mandi 04,APMC Main Yard,GJ-D05,Vadodara,GJ,Gujarat,23.68,85.12,True,2024-01-01,AGRIPULSE_SYNTHETIC_MODEL_B,1,524
MR00525,MKT0525,Vadodara Mandi 05,Vadodara Mkt. 05,Regulated Market,GJ-D05,Vadodara,GJ,Gujarat,23.75,85.2,True,2024-01-01,AGRIPULSE_SYNTHETIC_MODEL_B,1,525
MR00526,MKT0526,Vadodara Mandi 06,Vadodara Mandi 06,Sub Yard,GJ-D05,Vadodara,GJ,Gujarat,23.82,85.28,True,2024-01-01,AGRIPULSE_SYNTHETIC_MODEL_B,1,526
MR00527,MKT0527,Vadodara Mandi 07, VADODARA MANDI 07 ,APMC Main Yard,GJ-D05,Vadodara,GJ,Gujarat,23.89,85.36,True,2024-01-01,AGRIPULSE_SYNTHETIC_MODEL_B,1,527
MR00528,MKT0528,Vadodara Mandi 08,Vadodara Mandi 08,Regulated Market,GJ-D05,Vadodara,GJ,Gujarat,23.96,85.44,True,2024-01-01,AGRIPULSE_SYNTHETIC_MODEL_B,1,528
MR00529,MKT0529,Vadodara Mandi 09,Vadodara Mandi 09,Sub Yard,GJ-D05,Vadodara,GJ,Gujarat,24.03,85.52,True,2024-01-01,AGRIPULSE_SYNTHETIC_MODEL_B,1,529
MR00530,MKT0530,Vadodara Mandi 10,Vadodara Mkt. 10,APMC Main Yard,GJ-D05,Vadodara,GJ,Gujarat,24.1,85.6,True,2024-01-01,AGRIPULSE_SYNTHETIC_MODEL_B,1,530
MR00531,MKT0531,Valsad Mandi 01,Valsad Mandi 01,Regulated Market,GJ-D06,Valsad,GJ,Gujarat,24.17,85.68,True,2024-01-01,AGRIPULSE_SYNTHETIC_MODEL_B,1,531
MR00532,MKT0532,Valsad Mandi 02,Valsad Mandi 02,Sub Yard,GJ-D06,Valsad,GJ,Gujarat,24.24,85.76,True,2024-01-01,AGRIPULSE_SYNTHETIC_MODEL_B,1,532
MR00533,MKT0533,Valsad Mandi 03,Valsad Mandi 03,APMC Main Yard,GJ-D06,Valsad,GJ,Gujarat,24.31,85.84,True,2024-01-01,AGRIPULSE_SYNTHETIC_MODEL_B,1,533
MR00534,MKT0534,Valsad Mandi 04,Valsad Mandi 04,Regulated Market,GJ-D06,Valsad,GJ,Gujarat,24.38,85.92,True,2024-01-01,AGRIPULSE_SYNTHETIC_MODEL_B,1,534
MR00535,MKT0535,Valsad Mandi 05,Valsad Mkt. 05,Sub Yard,GJ-D06,Valsad,GJ,Gujarat,24.45,86.0,True,2024-01-01,AGRIPULSE_SYNTHETIC_MODEL_B,1,535
MR00536,MKT0536,Valsad Mandi 06,Valsad Mandi 06,APMC Main Yard,GJ-D06,Valsad,GJ,Gujarat,24.52,86.08,True,2024-01-01,AGRIPULSE_SYNTHETIC_MODEL_B,1,536
MR00537,MKT0537,Valsad Mandi 07, VALSAD MANDI 07 ,Regulated Market,GJ-D06,Valsad,GJ,Gujarat,24.59,86.16,True,2024-01-01,AGRIPULSE_SYNTHETIC_MODEL_B,1,537
MR00538,MKT0538,Valsad Mandi 08,Valsad Mandi 08,Sub Yard,GJ-D06,Valsad,GJ,Gujarat,24.66,86.24,True,2024-01-01,AGRIPULSE_SYNTHETIC_MODEL_B,1,538
MR00539,MKT0539,Valsad Mandi 09,Valsad Mandi 09,APMC Main Yard,GJ-D06,Valsad,GJ,Gujarat,24.73,86.32,True,2024-01-01,AGRIPULSE_SYNTHETIC_MODEL_B,1,539
MR00540,MKT0540,Valsad Mandi 10,Valsad Mkt. 10,Regulated Market,GJ-D06,Valsad,GJ,Gujarat,24.8,72.0,True,2024-01-01,AGRIPULSE_SYNTHETIC_MODEL_B,1,540
MR00541,MKT0541,Balasore Mandi 01,Balasore Mandi 01,Sub Yard,OD-D01,Balasore,OD,Odisha,24.87,72.08,True,2024-01-01,AGRIPULSE_SYNTHETIC_MODEL_B,1,541
MR00542,MKT0542,Balasore Mandi 02,Balasore Mandi 02,APMC Main Yard,OD-D01,Balasore,OD,Odisha,24.94,72.16,True,2024-01-01,AGRIPULSE_SYNTHETIC_MODEL_B,1,542
MR00543,MKT0543,Balasore Mandi 03,Balasore Mandi 03,Regulated Market,OD-D01,Balasore,OD,Odisha,25.01,72.24,True,2024-01-01,AGRIPULSE_SYNTHETIC_MODEL_B,1,543
MR00544,MKT0544,Balasore Mandi 04,Balasore Mandi 04,Sub Yard,OD-D01,Balasore,OD,Odisha,25.08,72.32,True,2024-01-01,AGRIPULSE_SYNTHETIC_MODEL_B,1,544
MR00545,MKT0545,Balasore Mandi 05,Balasore Mkt. 05,APMC Main Yard,OD-D01,Balasore,OD,Odisha,25.15,72.4,True,2024-01-01,AGRIPULSE_SYNTHETIC_MODEL_B,1,545
MR00546,MKT0546,Balasore Mandi 06,Balasore Mandi 06,Regulated Market,OD-D01,Balasore,OD,Odisha,25.22,72.48,True,2024-01-01,AGRIPULSE_SYNTHETIC_MODEL_B,1,546
MR00547,MKT0547,Balasore Mandi 07, BALASORE MANDI 07 ,Sub Yard,OD-D01,Balasore,OD,Odisha,25.29,72.56,True,2024-01-01,AGRIPULSE_SYNTHETIC_MODEL_B,1,547
MR00548,MKT0548,Balasore Mandi 08,Balasore Mandi 08,APMC Main Yard,OD-D01,Balasore,OD,Odisha,25.36,72.64,True,2024-01-01,AGRIPULSE_SYNTHETIC_MODEL_B,1,548
MR00549,MKT0549,Balasore Mandi 09,Balasore Mandi 09,Regulated Market,OD-D01,Balasore,OD,Odisha,25.43,72.72,True,2024-01-01,AGRIPULSE_SYNTHETIC_MODEL_B,1,549
MR00550,MKT0550,Balasore Mandi 10,Balasore Mkt. 10,Sub Yard,OD-D01,Balasore,OD,Odisha,25.5,72.8,True,2024-01-01,AGRIPULSE_SYNTHETIC_MODEL_B,1,550
MR00551,MKT0551,Cuttack Mandi 01,Cuttack Mandi 01,APMC Main Yard,OD-D02,Cuttack,OD,Odisha,25.57,72.88,True,2024-01-01,AGRIPULSE_SYNTHETIC_MODEL_B,1,551
MR00552,MKT0552,Cuttack Mandi 02,Cuttack Mandi 02,Regulated Market,OD-D02,Cuttack,OD,Odisha,25.64,72.96,True,2024-01-01,AGRIPULSE_SYNTHETIC_MODEL_B,1,552
MR00553,MKT0553,Cuttack Mandi 03,Cuttack Mandi 03,Sub Yard,OD-D02,Cuttack,OD,Odisha,25.71,73.04,True,2024-01-01,AGRIPULSE_SYNTHETIC_MODEL_B,1,553
MR00554,MKT0554,Cuttack Mandi 04,Cuttack Mandi 04,APMC Main Yard,OD-D02,Cuttack,OD,Odisha,25.78,73.12,True,2024-01-01,AGRIPULSE_SYNTHETIC_MODEL_B,1,554
MR00555,MKT0555,Cuttack Mandi 05,Cuttack Mkt. 05,Regulated Market,OD-D02,Cuttack,OD,Odisha,25.85,73.2,True,2024-01-01,AGRIPULSE_SYNTHETIC_MODEL_B,1,555
MR00556,MKT0556,Cuttack Mandi 06,Cuttack Mandi 06,Sub Yard,OD-D02,Cuttack,OD,Odisha,25.92,73.28,True,2024-01-01,AGRIPULSE_SYNTHETIC_MODEL_B,1,556
MR00557,MKT0557,Cuttack Mandi 07, CUTTACK MANDI 07 ,APMC Main Yard,OD-D02,Cuttack,OD,Odisha,25.99,73.36,True,2024-01-01,AGRIPULSE_SYNTHETIC_MODEL_B,1,557
MR00558,MKT0558,Cuttack Mandi 08,Cuttack Mandi 08,Regulated Market,OD-D02,Cuttack,OD,Odisha,26.06,73.44,True,2024-01-01,AGRIPULSE_SYNTHETIC_MODEL_B,1,558
MR00559,MKT0559,Cuttack Mandi 09,Cuttack Mandi 09,Sub Yard,OD-D02,Cuttack,OD,Odisha,26.13,73.52,True,2024-01-01,AGRIPULSE_SYNTHETIC_MODEL_B,1,559
MR00560,MKT0560,Cuttack Mandi 10,Cuttack Mkt. 10,APMC Main Yard,OD-D02,Cuttack,OD,Odisha,26.2,73.6,True,2024-01-01,AGRIPULSE_SYNTHETIC_MODEL_B,1,560
MR00561,MKT0561,Ganjam Mandi 01,Ganjam Mandi 01,Regulated Market,OD-D03,Ganjam,OD,Odisha,26.27,73.68,True,2024-01-01,AGRIPULSE_SYNTHETIC_MODEL_B,1,561
MR00562,MKT0562,Ganjam Mandi 02,Ganjam Mandi 02,Sub Yard,OD-D03,Ganjam,OD,Odisha,26.34,73.76,True,2024-01-01,AGRIPULSE_SYNTHETIC_MODEL_B,1,562
MR00563,MKT0563,Ganjam Mandi 03,Ganjam Mandi 03,APMC Main Yard,OD-D03,Ganjam,OD,Odisha,26.41,73.84,True,2024-01-01,AGRIPULSE_SYNTHETIC_MODEL_B,1,563
MR00564,MKT0564,Ganjam Mandi 04,Ganjam Mandi 04,Regulated Market,OD-D03,Ganjam,OD,Odisha,26.48,73.92,True,2024-01-01,AGRIPULSE_SYNTHETIC_MODEL_B,1,564
MR00565,MKT0565,Ganjam Mandi 05,Ganjam Mkt. 05,Sub Yard,OD-D03,Ganjam,OD,Odisha,26.55,74.0,True,2024-01-01,AGRIPULSE_SYNTHETIC_MODEL_B,1,565
MR00566,MKT0566,Ganjam Mandi 06,Ganjam Mandi 06,APMC Main Yard,OD-D03,Ganjam,OD,Odisha,26.62,74.08,True,2024-01-01,AGRIPULSE_SYNTHETIC_MODEL_B,1,566
MR00567,MKT0567,Ganjam Mandi 07, GANJAM MANDI 07 ,Regulated Market,OD-D03,Ganjam,OD,Odisha,26.69,74.16,True,2024-01-01,AGRIPULSE_SYNTHETIC_MODEL_B,1,567
MR00568,MKT0568,Ganjam Mandi 08,Ganjam Mandi 08,Sub Yard,OD-D03,Ganjam,OD,Odisha,26.76,74.24,True,2024-01-01,AGRIPULSE_SYNTHETIC_MODEL_B,1,568
MR00569,MKT0569,Ganjam Mandi 09,Ganjam Mandi 09,APMC Main Yard,OD-D03,Ganjam,OD,Odisha,26.83,74.32,True,2024-01-01,AGRIPULSE_SYNTHETIC_MODEL_B,1,569
MR00570,MKT0570,Ganjam Mandi 10,Ganjam Mkt. 10,Regulated Market,OD-D03,Ganjam,OD,Odisha,26.9,74.4,True,2024-01-01,AGRIPULSE_SYNTHETIC_MODEL_B,1,570
MR00571,MKT0571,Khordha Mandi 01,Khordha Mandi 01,Sub Yard,OD-D04,Khordha,OD,Odisha,26.97,74.48,True,2024-01-01,AGRIPULSE_SYNTHETIC_MODEL_B,1,571
MR00572,MKT0572,Khordha Mandi 02,Khordha Mandi 02,APMC Main Yard,OD-D04,Khordha,OD,Odisha,27.04,74.56,True,2024-01-01,AGRIPULSE_SYNTHETIC_MODEL_B,1,572
MR00573,MKT0573,Khordha Mandi 03,Khordha Mandi 03,Regulated Market,OD-D04,Khordha,OD,Odisha,27.11,74.64,True,2024-01-01,AGRIPULSE_SYNTHETIC_MODEL_B,1,573
MR00574,MKT0574,Khordha Mandi 04,Khordha Mandi 04,Sub Yard,OD-D04,Khordha,OD,Odisha,27.18,74.72,True,2024-01-01,AGRIPULSE_SYNTHETIC_MODEL_B,1,574
MR00575,MKT0575,Khordha Mandi 05,Khordha Mkt. 05,APMC Main Yard,OD-D04,Khordha,OD,Odisha,27.25,74.8,True,2024-01-01,AGRIPULSE_SYNTHETIC_MODEL_B,1,575
MR00576,MKT0576,Khordha Mandi 06,Khordha Mandi 06,Regulated Market,OD-D04,Khordha,OD,Odisha,27.32,74.88,True,2024-01-01,AGRIPULSE_SYNTHETIC_MODEL_B,1,576
MR00577,MKT0577,Khordha Mandi 07, KHORDHA MANDI 07 ,Sub Yard,OD-D04,Khordha,OD,Odisha,27.39,74.96,True,2024-01-01,AGRIPULSE_SYNTHETIC_MODEL_B,1,577
MR00578,MKT0578,Khordha Mandi 08,Khordha Mandi 08,APMC Main Yard,OD-D04,Khordha,OD,Odisha,27.46,75.04,True,2024-01-01,AGRIPULSE_SYNTHETIC_MODEL_B,1,578
MR00579,MKT0579,Khordha Mandi 09,Khordha Mandi 09,Regulated Market,OD-D04,Khordha,OD,Odisha,27.53,75.12,True,2024-01-01,AGRIPULSE_SYNTHETIC_MODEL_B,1,579
MR00580,MKT0580,Khordha Mandi 10,Khordha Mkt. 10,Sub Yard,OD-D04,Khordha,OD,Odisha,27.6,75.2,True,2024-01-01,AGRIPULSE_SYNTHETIC_MODEL_B,1,580
MR00581,MKT0581,Mayurbhanj Mandi 01,Mayurbhanj Mandi 01,APMC Main Yard,OD-D05,Mayurbhanj,OD,Odisha,27.67,75.28,True,2024-01-01,AGRIPULSE_SYNTHETIC_MODEL_B,1,581
MR00582,MKT0582,Mayurbhanj Mandi 02,Mayurbhanj Mandi 02,Regulated Market,OD-D05,Mayurbhanj,OD,Odisha,27.74,75.36,True,2024-01-01,AGRIPULSE_SYNTHETIC_MODEL_B,1,582
MR00583,MKT0583,Mayurbhanj Mandi 03,Mayurbhanj Mandi 03,Sub Yard,OD-D05,Mayurbhanj,OD,Odisha,27.81,75.44,True,2024-01-01,AGRIPULSE_SYNTHETIC_MODEL_B,1,583
MR00584,MKT0584,Mayurbhanj Mandi 04,Mayurbhanj Mandi 04,APMC Main Yard,OD-D05,Mayurbhanj,OD,Odisha,27.88,75.52,True,2024-01-01,AGRIPULSE_SYNTHETIC_MODEL_B,1,584
MR00585,MKT0585,Mayurbhanj Mandi 05,Mayurbhanj Mkt. 05,Regulated Market,OD-D05,Mayurbhanj,OD,Odisha,27.95,75.6,True,2024-01-01,AGRIPULSE_SYNTHETIC_MODEL_B,1,585
MR00586,MKT0586,Mayurbhanj Mandi 06,Mayurbhanj Mandi 06,Sub Yard,OD-D05,Mayurbhanj,OD,Odisha,28.02,75.68,True,2024-01-01,AGRIPULSE_SYNTHETIC_MODEL_B,1,586
MR00587,MKT0587,Mayurbhanj Mandi 07, MAYURBHANJ MANDI 07 ,APMC Main Yard,OD-D05,Mayurbhanj,OD,Odisha,28.09,75.76,True,2024-01-01,AGRIPULSE_SYNTHETIC_MODEL_B,1,587
MR00588,MKT0588,Mayurbhanj Mandi 08,Mayurbhanj Mandi 08,Regulated Market,OD-D05,Mayurbhanj,OD,Odisha,28.16,75.84,True,2024-01-01,AGRIPULSE_SYNTHETIC_MODEL_B,1,588
MR00589,MKT0589,Mayurbhanj Mandi 09,Mayurbhanj Mandi 09,Sub Yard,OD-D05,Mayurbhanj,OD,Odisha,28.23,75.92,True,2024-01-01,AGRIPULSE_SYNTHETIC_MODEL_B,1,589
MR00590,MKT0590,Mayurbhanj Mandi 10,Mayurbhanj Mkt. 10,APMC Main Yard,OD-D05,Mayurbhanj,OD,Odisha,28.3,76.0,True,2024-01-01,AGRIPULSE_SYNTHETIC_MODEL_B,1,590
MR00591,MKT0591,Sambalpur Mandi 01,Sambalpur Mandi 01,Regulated Market,OD-D06,Sambalpur,OD,Odisha,28.37,76.08,True,2024-01-01,AGRIPULSE_SYNTHETIC_MODEL_B,1,591
MR00592,MKT0592,Sambalpur Mandi 02,Sambalpur Mandi 02,Sub Yard,OD-D06,Sambalpur,OD,Odisha,28.44,76.16,True,2024-01-01,AGRIPULSE_SYNTHETIC_MODEL_B,1,592
MR00593,MKT0593,Sambalpur Mandi 03,Sambalpur Mandi 03,APMC Main Yard,OD-D06,Sambalpur,OD,Odisha,28.51,76.24,True,2024-01-01,AGRIPULSE_SYNTHETIC_MODEL_B,1,593
MR00594,MKT0594,Sambalpur Mandi 04,Sambalpur Mandi 04,Regulated Market,OD-D06,Sambalpur,OD,Odisha,28.58,76.32,True,2024-01-01,AGRIPULSE_SYNTHETIC_MODEL_B,1,594
MR00595,MKT0595,Sambalpur Mandi 05,Sambalpur Mkt. 05,Sub Yard,OD-D06,Sambalpur,OD,Odisha,28.65,76.4,True,2024-01-01,AGRIPULSE_SYNTHETIC_MODEL_B,1,595
MR00596,MKT0596,Sambalpur Mandi 06,Sambalpur Mandi 06,APMC Main Yard,OD-D06,Sambalpur,OD,Odisha,28.72,76.48,True,2024-01-01,AGRIPULSE_SYNTHETIC_MODEL_B,1,596
MR00597,MKT0597,Sambalpur Mandi 07, SAMBALPUR MANDI 07 ,Regulated Market,OD-D06,Sambalpur,OD,Odisha,28.79,76.56,True,2024-01-01,AGRIPULSE_SYNTHETIC_MODEL_B,1,597
MR00598,MKT0598,Sambalpur Mandi 08,Sambalpur Mandi 08,Sub Yard,OD-D06,Sambalpur,OD,Odisha,28.86,76.64,True,2024-01-01,AGRIPULSE_SYNTHETIC_MODEL_B,1,598
MR00599,MKT0599,Sambalpur Mandi 09,Sambalpur Mandi 09,APMC Main Yard,OD-D06,Sambalpur,OD,Odisha,28.93,76.72,True,2024-01-01,AGRIPULSE_SYNTHETIC_MODEL_B,1,599
MR00600,MKT0600,Sambalpur Mandi 10,Sambalpur Mkt. 10,Regulated Market,OD-D06,Sambalpur,OD,Odisha,15.0,76.8,True,2024-01-01,AGRIPULSE_SYNTHETIC_MODEL_B,1,600
MRD00521,MKT0522,Vadodara Mandi 02 Conflict,Vadodara Mandi 02,Regulated Market,GJ-D05,Vadodara,GJ,Gujarat,23.54,84.96,True,2024-01-01,AGRIPULSE_SYNTHETIC_MODEL_B,1,601
MRD00026,MKT0027,Khammam Mandi 07 Conflict, KHAMMAM MANDI 07 ,Regulated Market,TS-D03,Khammam,TS,Telangana,16.89,74.16,True,2024-01-01,AGRIPULSE_SYNTHETIC_MODEL_B,1,602
MRD00456,MKT0457,Lucknow Mandi 07 Conflict, LUCKNOW MANDI 07 ,Sub Yard,UP-D04,Lucknow,UP,Uttar Pradesh,18.99,79.76,True,2024-01-01,AGRIPULSE_SYNTHETIC_MODEL_B,1,603
MRD00049,MKT0050,Nalgonda Mandi 10 Conflict,Nalgonda Mkt. 10,APMC Main Yard,TS-D05,Nalgonda,TS,Telangana,18.5,76.0,True,2024-01-01,AGRIPULSE_SYNTHETIC_MODEL_B,1,604
MRD00054,MKT0055,Warangal Mandi 05 Conflict,Warangal Mkt. 05,Sub Yard,TS-D06,Warangal,TS,Telangana,18.85,76.4,True,2024-01-01,AGRIPULSE_SYNTHETIC_MODEL_B,1,605
MRD00516,MKT0517,Surat Mandi 07 Conflict, SURAT MANDI 07 ,Sub Yard,GJ-D04,Surat,GJ,Gujarat,23.19,84.56,True,2024-01-01,AGRIPULSE_SYNTHETIC_MODEL_B,1,606
